quotation_line_id,quotation_id,product_id,quantity,unit_price_local,currency,discount_pct,line_net_vnd
QL0000001,Q000001,P001,10,614190.9885,VND,0.0917,5579000.0
QL0000002,Q000002,P001,26,623220.2665,VND,0.0845,14835000.0
QL0000003,Q000002,P003,22,407133.3934,VND,0.1418,7687000.0
QL0000004,Q000003,P001,33,545450.5987,VND,0.1292,15674000.0
QL0000005,Q000003,P002,7,430525.9131,VND,0.0717,2798000.0
QL0000006,Q000003,P003,16,432460.1401,VND,0.0676,6452000.0
QL0000007,Q000003,P005,15,578325.8727,VND,0.0527,8217000.0
QL0000008,Q000004,P002,4,16.9451,USD,0.0738,1606000.0
QL0000009,Q000004,P001,32,24.3806,USD,0.0273,19418000.0
QL0000010,Q000005,P002,8,404920.5048,VND,0.102,2909000.0
QL0000011,Q000006,P002,11,16.8593,USD,0.0955,4287000.0
QL0000012,Q000007,P001,25,611403.8109,VND,0.0548,14448000.0
QL0000013,Q000007,P004,13,651361.6905,VND,0.0383,8144000.0
QL0000014,Q000008,P001,15,616301.8357,VND,0.0716,8583000.0
QL0000015,Q000008,P003,11,408583.0043,VND,0.084,4117000.0
QL0000016,Q000008,P006,18,546798.3974,VND,0.0776,9078000.0
QL0000017,Q000009,P001,39,591675.2894,VND,0.0314,22350000.0
QL0000018,Q000009,P003,6,429139.4752,VND,0.0591,2423000.0
QL0000019,Q000009,P004,7,687382.2119,VND,0.0545,4550000.0
QL0000020,Q000010,P024,20,182.4361,USD,0.0,93506000.0
QL0000021,Q000011,P014,16,383520.2243,VND,0.0721,5694000.0
QL0000022,Q000011,P012,60,402159.8089,VND,0.0295,23417000.0
QL0000023,Q000012,P001,20,613929.8959,VND,0.0752,11355000.0
QL0000024,Q000013,P001,20,613473.9301,VND,0.1018,11020000.0
QL0000025,Q000013,P005,64,599467.2368,VND,0.1134,34017000.0
QL0000026,Q000014,P001,92,594605.9466,VND,0.0711,50816000.0
QL0000027,Q000015,P001,22,22.4922,USD,0.0311,12213000.0
QL0000028,Q000016,P001,57,558253.6655,VND,0.0625,29832000.0
QL0000029,Q000016,P005,6,639068.0405,VND,0.0271,3731000.0
QL0000030,Q000016,P003,10,404957.9375,VND,0.0576,3816000.0
QL0000031,Q000016,P004,21,747289.3406,VND,0.0027,15650000.0
QL0000032,Q000017,P007,137,171449.7279,VND,0.0242,22920000.0
QL0000033,Q000018,P007,38,164001.8807,VND,0.0894,5675000.0
QL0000034,Q000019,P006,9,557488.6829,VND,0.038,4827000.0
QL0000035,Q000019,P001,57,599007.0228,VND,0.0691,31783000.0
QL0000036,Q000019,P004,27,686655.0345,VND,0.0414,17773000.0
QL0000037,Q000020,P002,27,406827.9608,VND,0.0352,10598000.0
QL0000038,Q000021,P013,24,347754.3004,VND,0.1092,7435000.0
QL0000039,Q000021,P015,101,133296.0986,VND,0.0246,13131000.0
QL0000040,Q000022,P013,109,347451.0358,VND,0.074,35069000.0
QL0000041,Q000022,P012,33,361576.8825,VND,0.0848,10920000.0
QL0000042,Q000023,P024,18,4339078.6038,VND,0.047,74429000.0
QL0000043,Q000023,P027,9,3715328.7657,VND,0.077,30862000.0
QL0000044,Q000024,P024,26,189.5838,USD,0.0431,119360000.0
QL0000045,Q000024,P023,11,136.4705,USD,0.1158,33588000.0
QL0000046,Q000025,P006,13,602891.1786,VND,0.0232,7655000.0
QL0000047,Q000025,P002,61,431460.3471,VND,0.0661,24580000.0
QL0000048,Q000026,P006,32,542549.4815,VND,0.0914,15775000.0
QL0000049,Q000026,P003,47,401479.3634,VND,0.1099,16796000.0
QL0000050,Q000026,P001,14,580773.3729,VND,0.0692,7568000.0
QL0000051,Q000027,P022,4,2358039.3096,VND,0.0328,9123000.0
QL0000052,Q000028,P006,14,548593.1496,VND,0.122,6744000.0
QL0000053,Q000029,P006,45,578844.6811,VND,0.0032,25964000.0
QL0000054,Q000030,P027,8,3783354.6931,VND,0.0361,29173000.0
QL0000055,Q000030,P026,39,5058902.2324,VND,0.0163,194074000.0
QL0000056,Q000030,P024,11,4527919.1176,VND,0.0868,45486000.0
QL0000057,Q000030,P025,9,5474077.3535,VND,0.0741,45615000.0
QL0000058,Q000031,P027,24,3812897.2112,VND,0.0606,85964000.0
QL0000059,Q000031,P023,30,3856963.422,VND,0.0443,110580000.0
QL0000060,Q000032,P001,12,548891.5601,VND,0.0,6587000.0
QL0000061,Q000033,P016,61,532210.8071,VND,0.0724,30116000.0
QL0000062,Q000033,P012,52,363448.3248,VND,0.0406,18133000.0
QL0000063,Q000034,P016,17,481846.9203,VND,0.0564,7729000.0
QL0000064,Q000034,P015,37,122233.847,VND,0.02,4432000.0
QL0000065,Q000035,P001,13,581459.1441,VND,0.0594,7110000.0
QL0000066,Q000035,P002,29,427879.939,VND,0.0787,11432000.0
QL0000067,Q000036,P001,14,572308.7759,VND,0.0892,7298000.0
QL0000068,Q000037,P001,67,575167.866,VND,0.0096,38166000.0
QL0000069,Q000037,P006,19,599226.4896,VND,0.0633,10665000.0
QL0000070,Q000037,P004,34,700575.0303,VND,0.0957,21539000.0
QL0000071,Q000037,P002,38,385914.3289,VND,0.0432,14032000.0
QL0000072,Q000038,P004,17,706064.8915,VND,0.0881,10945000.0
QL0000073,Q000038,P001,9,596474.3318,VND,0.0575,5060000.0
QL0000074,Q000039,P002,23,455332.8446,VND,0.0549,9898000.0
QL0000075,Q000039,P005,20,620276.3212,VND,0.0803,11410000.0
QL0000076,Q000039,P003,5,439039.5178,VND,0.0548,2075000.0
QL0000077,Q000040,P002,9,411527.7995,VND,0.1403,3184000.0
QL0000078,Q000041,P004,11,694696.2243,VND,0.0274,7432000.0
QL0000079,Q000041,P001,12,633286.9576,VND,0.0972,6861000.0
QL0000080,Q000042,P004,16,732291.5015,VND,0.0782,10801000.0
QL0000081,Q000043,P002,41,454668.9179,VND,0.0298,18086000.0
QL0000082,Q000043,P004,54,661864.02,VND,0.027,34777000.0
QL0000083,Q000043,P005,15,606832.6206,VND,0.0991,8200000.0
QL0000084,Q000044,P001,52,23.5982,USD,0.0886,28461000.0
QL0000085,Q000045,P001,7,581499.687,VND,0.0418,3900000.0
QL0000086,Q000045,P002,29,437806.8047,VND,0.0,12696000.0
QL0000087,Q000045,P003,66,422203.9568,VND,0.0565,26290000.0
QL0000088,Q000046,P001,30,576459.0182,VND,0.0331,16722000.0
QL0000089,Q000046,P002,37,427536.639,VND,0.0804,14547000.0
QL0000090,Q000046,P006,37,557299.3524,VND,0.0282,20038000.0
QL0000091,Q000047,P005,42,597871.4086,VND,0.0534,23771000.0
QL0000092,Q000048,P006,24,592314.0005,VND,0.0396,13653000.0
QL0000093,Q000048,P002,24,448022.2241,VND,0.097,9710000.0
QL0000094,Q000049,P020,157,396632.5222,VND,0.0637,58303000.0
QL0000095,Q000050,P006,13,562676.9459,VND,0.0508,6943000.0
QL0000096,Q000051,P006,53,548835.4415,VND,0.0619,27287000.0
QL0000097,Q000052,P006,25,534958.5818,VND,0.1178,11799000.0
QL0000098,Q000052,P005,10,593921.5189,VND,0.1204,5224000.0
QL0000099,Q000052,P004,12,720271.475,VND,0.1378,7453000.0
QL0000100,Q000053,P005,11,24.2134,USD,0.0824,6250000.0
QL0000101,Q000053,P004,15,27.9625,USD,0.0712,9963000.0
QL0000102,Q000054,P003,13,433915.5899,VND,0.0263,5493000.0
QL0000103,Q000055,P002,45,16.0015,USD,0.1004,16527000.0
QL0000104,Q000056,P004,14,694416.5137,VND,0.0603,9136000.0
QL0000105,Q000056,P005,10,597625.9371,VND,0.0596,5620000.0
QL0000106,Q000056,P001,44,557288.9562,VND,0.0215,23993000.0
QL0000107,Q000057,P004,8,711109.719,VND,0.0959,5143000.0
QL0000108,Q000057,P001,15,594527.6208,VND,0.0975,8049000.0
QL0000109,Q000058,P010,88,15.8363,USD,0.1288,31184000.0
QL0000110,Q000058,P007,81,7.1062,USD,0.0204,14483000.0
QL0000111,Q000058,P008,29,15.8838,USD,0.0121,11688000.0
QL0000112,Q000059,P004,59,653673.1604,VND,0.1099,34327000.0
QL0000113,Q000060,P004,19,670785.8012,VND,0.0257,12417000.0
QL0000114,Q000060,P005,43,592027.7712,VND,0.0517,24141000.0
QL0000115,Q000061,P004,3,668365.653,VND,0.0644,1876000.0
QL0000116,Q000061,P006,18,569162.7648,VND,0.0919,9304000.0
QL0000117,Q000061,P001,6,589035.4003,VND,0.0404,3391000.0
QL0000118,Q000062,P002,23,415701.8206,VND,0.0255,9317000.0
QL0000119,Q000063,P002,38,390672.2195,VND,0.0889,13525000.0
QL0000120,Q000063,P006,17,567961.0572,VND,0.0212,9451000.0
QL0000121,Q000064,P003,29,450185.2912,VND,0.0413,12516000.0
QL0000122,Q000064,P001,13,624818.0496,VND,0.0293,7885000.0
QL0000123,Q000065,P002,20,455875.3353,VND,0.0429,8727000.0
QL0000124,Q000066,P002,13,430323.5271,VND,0.0798,5148000.0
QL0000125,Q000067,P002,7,429553.4304,VND,0.0,3007000.0
QL0000126,Q000068,P002,37,444194.1475,VND,0.0837,15059000.0
QL0000127,Q000068,P005,13,601370.0827,VND,0.0552,7387000.0
QL0000128,Q000068,P006,10,535791.0231,VND,0.1274,4675000.0
QL0000129,Q000068,P003,30,423738.8308,VND,0.0154,12516000.0
QL0000130,Q000069,P026,6,5329085.0705,VND,0.0153,31486000.0
QL0000131,Q000070,P026,18,5280597.3902,VND,0.0051,94567000.0
QL0000132,Q000070,P027,19,3906223.237,VND,0.0997,66820000.0
QL0000133,Q000071,P001,13,560610.7852,VND,0.0659,6808000.0
QL0000134,Q000072,P001,16,620645.4862,VND,0.0944,8993000.0
QL0000135,Q000073,P011,70,311052.0424,VND,0.0805,20022000.0
QL0000136,Q000074,P011,139,297076.3988,VND,0.0948,37377000.0
QL0000137,Q000074,P007,58,173799.1476,VND,0.0744,9331000.0
QL0000138,Q000075,P001,16,565794.1133,VND,0.1071,8083000.0
QL0000139,Q000076,P001,48,23.9755,USD,0.0377,28343000.0
QL0000140,Q000076,P004,16,27.8958,USD,0.0852,10449000.0
QL0000141,Q000077,P001,8,630789.6482,VND,0.0594,4747000.0
QL0000142,Q000078,P001,18,586008.3632,VND,0.0667,9845000.0
QL0000143,Q000078,P006,21,533717.3269,VND,0.011,11084000.0
QL0000144,Q000078,P005,42,580918.7497,VND,0.065,22814000.0
QL0000145,Q000079,P004,5,696527.0775,VND,0.017,3423000.0
QL0000146,Q000080,P004,8,664359.3168,VND,0.0112,5255000.0
QL0000147,Q000080,P003,13,433750.8845,VND,0.0688,5251000.0
QL0000148,Q000081,P001,8,567269.2395,VND,0.0439,4339000.0
QL0000149,Q000081,P006,13,584044.3845,VND,0.0747,7025000.0
QL0000150,Q000082,P005,26,636615.0862,VND,0.0321,16020000.0
QL0000151,Q000082,P002,12,396444.6534,VND,0.0839,4358000.0
QL0000152,Q000083,P002,6,433476.6313,VND,0.0908,2365000.0
QL0000153,Q000083,P003,10,437966.3008,VND,0.0437,4188000.0
QL0000154,Q000084,P004,18,700082.8396,VND,0.0677,11749000.0
QL0000155,Q000084,P005,9,598980.6263,VND,0.029,5234000.0
QL0000156,Q000085,P004,27,28.1995,USD,0.0739,17797000.0
QL0000157,Q000086,P001,26,597833.5276,VND,0.1256,13591000.0
QL0000158,Q000087,P001,23,607716.1449,VND,0.0615,13118000.0
QL0000159,Q000088,P014,9,420625.6221,VND,0.0935,3432000.0
QL0000160,Q000088,P013,43,375189.8949,VND,0.0591,15180000.0
QL0000161,Q000088,P012,51,387666.1014,VND,0.114,17517000.0
QL0000162,Q000088,P016,6,474705.9185,VND,0.0709,2646000.0
QL0000163,Q000089,P014,63,378696.5958,VND,0.0735,22103000.0
QL0000164,Q000089,P013,14,333371.7146,VND,0.0563,4405000.0
QL0000165,Q000089,P012,83,378768.4662,VND,0.0759,29053000.0
QL0000166,Q000089,P016,44,477962.4718,VND,0.1067,18787000.0
QL0000167,Q000090,P002,9,426246.6683,VND,0.0322,3713000.0
QL0000168,Q000091,P001,15,23.4476,USD,0.0124,8709000.0
QL0000169,Q000091,P006,22,22.5664,USD,0.0724,11547000.0
QL0000170,Q000092,P003,5,423306.536,VND,0.0266,2060000.0
QL0000171,Q000093,P003,12,17.065,USD,0.0977,4618000.0
QL0000172,Q000094,P003,38,424103.0921,VND,0.0798,14830000.0
QL0000173,Q000094,P001,27,556528.9253,VND,0.0298,14579000.0
QL0000174,Q000095,P003,7,15.6594,USD,0.0153,2710000.0
QL0000175,Q000096,P019,34,285166.4081,VND,0.0228,9474000.0
QL0000176,Q000096,P017,129,217032.3081,VND,0.0544,26473000.0
QL0000177,Q000097,P005,61,24.7007,USD,0.0246,37013000.0
QL0000178,Q000097,P006,10,21.358,USD,0.0592,5060000.0
QL0000179,Q000097,P001,4,24.3677,USD,0.1044,2198000.0
QL0000180,Q000098,P005,19,566623.0685,VND,0.128,9388000.0
QL0000181,Q000099,P004,33,26.839,USD,0.0682,20717000.0
QL0000182,Q000099,P001,15,24.7682,USD,0.0,9327000.0
QL0000183,Q000099,P003,23,16.6069,USD,0.0316,9286000.0
QL0000184,Q000099,P002,22,16.7627,USD,0.0735,8577000.0
QL0000185,Q000100,P009,14,9.1947,USD,0.0645,3023000.0
QL0000186,Q000100,P011,36,12.7826,USD,0.096,10443000.0
QL0000187,Q000101,P001,8,611649.7226,VND,0.0282,4755000.0
QL0000188,Q000101,P005,6,612879.0674,VND,0.0596,3458000.0
QL0000189,Q000102,P001,44,593922.5285,VND,0.0934,23691000.0
QL0000190,Q000103,P002,29,17.5409,USD,0.0927,11744000.0
QL0000191,Q000103,P003,30,16.7146,USD,0.0949,11549000.0
QL0000192,Q000104,P002,19,17.6258,USD,0.0932,7734000.0
QL0000193,Q000105,P001,18,555832.6442,VND,0.104,8964000.0
QL0000194,Q000106,P002,13,453042.1532,VND,0.0508,5590000.0
QL0000195,Q000106,P005,24,623729.6904,VND,0.0934,13571000.0
QL0000196,Q000107,P015,11,128433.4021,VND,0.0225,1381000.0
QL0000197,Q000107,P014,23,413455.2981,VND,0.0429,9101000.0
QL0000198,Q000108,P031,2,21381271.2115,VND,0.0163,42065000.0
QL0000199,Q000108,P028,4,5634185.7521,VND,0.0055,22413000.0
QL0000200,Q000108,P030,3,9546884.2524,VND,0.0041,28522000.0
QL0000201,Q000109,P031,2,764.8782,USD,0.0551,36723000.0
QL0000202,Q000109,P029,6,741.1505,USD,0.049,107445000.0
QL0000203,Q000109,P030,3,392.7188,USD,0.0942,27113000.0
QL0000204,Q000110,P023,15,3562128.6505,VND,0.0,53432000.0
QL0000205,Q000110,P026,25,5063696.6386,VND,0.0267,123217000.0
QL0000206,Q000110,P024,13,4926380.5944,VND,0.0007,64001000.0
QL0000207,Q000110,P022,18,2411404.2337,VND,0.0843,39745000.0
QL0000208,Q000111,P001,24,606995.1814,VND,0.0604,13688000.0
QL0000209,Q000111,P004,25,671888.5145,VND,0.0079,16664000.0
QL0000210,Q000112,P012,44,371380.2515,VND,0.074,15131000.0
QL0000211,Q000113,P003,30,406210.8384,VND,0.0321,11795000.0
QL0000212,Q000114,P003,102,17.0962,USD,0.1078,39618000.0
QL0000213,Q000114,P004,8,25.8702,USD,0.0335,5093000.0
QL0000214,Q000115,P003,14,421572.2623,VND,0.0935,5350000.0
QL0000215,Q000115,P005,11,610334.7269,VND,0.128,5854000.0
QL0000216,Q000116,P001,6,557204.3951,VND,0.0223,3269000.0
QL0000217,Q000117,P020,30,14.5009,USD,0.0635,10404000.0
QL0000218,Q000118,P020,23,14.1901,USD,0.0079,8259000.0
QL0000219,Q000119,P004,71,653163.161,VND,0.0425,44403000.0
QL0000220,Q000119,P003,35,422422.9722,VND,0.045,14120000.0
QL0000221,Q000119,P001,11,596735.6127,VND,0.086,6000000.0
QL0000222,Q000120,P004,21,25.3447,USD,0.0648,12724000.0
QL0000223,Q000120,P002,11,16.7526,USD,0.1065,4209000.0
QL0000224,Q000121,P006,60,23.8474,USD,0.0,36588000.0
QL0000225,Q000121,P003,29,17.5756,USD,0.0169,12813000.0
QL0000226,Q000121,P001,9,22.8353,USD,0.0342,5076000.0
QL0000227,Q000122,P001,15,584015.8323,VND,0.0422,8391000.0
QL0000228,Q000122,P006,11,582423.1658,VND,0.0363,6174000.0
QL0000229,Q000122,P005,15,581561.026,VND,0.0585,8213000.0
QL0000230,Q000123,P001,26,552265.5898,VND,0.091,13052000.0
QL0000231,Q000123,P004,27,667165.1725,VND,0.1374,15538000.0
QL0000232,Q000124,P032,5,18644383.8173,VND,0.0285,90569000.0
QL0000233,Q000125,P024,23,4514304.6791,VND,0.0723,96319000.0
QL0000234,Q000125,P026,53,5192330.1524,VND,0.0132,271556000.0
QL0000235,Q000125,P027,78,3942634.3608,VND,0.0309,298013000.0
QL0000236,Q000126,P001,14,616356.1296,VND,0.0364,8315000.0
QL0000237,Q000126,P006,12,561011.6899,VND,0.0675,6278000.0
QL0000238,Q000126,P004,18,684775.9593,VND,0.0748,11404000.0
QL0000239,Q000127,P025,18,5524390.124,VND,0.0258,96869000.0
QL0000240,Q000128,P003,37,17.2088,USD,0.0274,15709000.0
QL0000241,Q000128,P004,5,29.5731,USD,0.085,3432000.0
QL0000242,Q000129,P003,77,417359.0263,VND,0.0695,29902000.0
QL0000243,Q000130,P017,88,232017.142,VND,0.0846,18691000.0
QL0000244,Q000130,P020,62,401555.8818,VND,0.0,24896000.0
QL0000245,Q000130,P019,26,311400.8973,VND,0.0705,7526000.0
QL0000246,Q000130,P021,122,133231.6137,VND,0.0031,16204000.0
QL0000247,Q000131,P001,10,592301.3277,VND,0.0961,5354000.0
QL0000248,Q000132,P002,19,409417.9319,VND,0.0252,7583000.0
QL0000249,Q000132,P001,10,598886.2946,VND,0.0452,5718000.0
QL0000250,Q000133,P002,38,401496.9153,VND,0.1097,13583000.0
QL0000251,Q000134,P001,29,599426.6475,VND,0.0112,17188000.0
QL0000252,Q000134,P003,68,431741.2616,VND,0.0225,28698000.0
QL0000253,Q000135,P002,24,399230.5041,VND,0.0056,9528000.0
QL0000254,Q000136,P001,24,23.1291,USD,0.0717,13120000.0
QL0000255,Q000136,P006,29,23.9204,USD,0.0711,16407000.0
QL0000256,Q000136,P004,29,28.4176,USD,0.0077,20822000.0
QL0000257,Q000137,P001,91,22.0479,USD,0.0609,48077000.0
QL0000258,Q000138,P001,21,24.3188,USD,0.0502,12393000.0
QL0000259,Q000139,P006,15,570927.3303,VND,0.0306,8302000.0
QL0000260,Q000139,P005,8,583420.4212,VND,0.0369,4495000.0
QL0000261,Q000139,P004,106,706056.2275,VND,0.0712,69517000.0
QL0000262,Q000140,P018,56,325005.9029,VND,0.0129,17966000.0
QL0000263,Q000140,P021,74,136221.8756,VND,0.0057,10023000.0
QL0000264,Q000141,P014,18,396830.9243,VND,0.0844,6540000.0
QL0000265,Q000142,P009,68,235349.0213,VND,0.1087,14264000.0
QL0000266,Q000142,P008,88,404766.0048,VND,0.0432,34079000.0
QL0000267,Q000142,P010,71,390516.4781,VND,0.0361,26725000.0
QL0000268,Q000143,P009,24,241251.1233,VND,0.0675,5399000.0
QL0000269,Q000143,P010,78,366545.4354,VND,0.0995,25746000.0
QL0000270,Q000144,P005,11,592039.8851,VND,0.0016,6502000.0
QL0000271,Q000144,P006,17,545630.9082,VND,0.0205,9086000.0
QL0000272,Q000144,P001,14,620278.6507,VND,0.0,8684000.0
QL0000273,Q000145,P005,18,609216.4148,VND,0.0563,10348000.0
QL0000274,Q000146,P001,20,570413.5958,VND,0.119,10050000.0
QL0000275,Q000146,P006,22,605758.1906,VND,0.0439,12741000.0
QL0000276,Q000147,P001,23,586335.5363,VND,0.1447,11534000.0
QL0000277,Q000147,P002,13,430836.8465,VND,0.0611,5258000.0
QL0000278,Q000148,P001,16,562436.7035,VND,0.0965,8131000.0
QL0000279,Q000149,P015,43,5.34,USD,0.0509,5486000.0
QL0000280,Q000150,P015,49,5.1779,USD,0.1025,5732000.0
QL0000281,Q000151,P015,12,130504.8237,VND,0.1262,1368000.0
QL0000282,Q000151,P014,38,396150.8065,VND,0.1198,13250000.0
QL0000283,Q000151,P016,36,496813.7536,VND,0.1103,15913000.0
QL0000284,Q000151,P013,81,369499.9309,VND,0.0556,28264000.0
QL0000285,Q000152,P001,28,23.8705,USD,0.0824,15331000.0
QL0000286,Q000152,P006,9,22.189,USD,0.0592,4696000.0
QL0000287,Q000153,P003,29,408629.0194,VND,0.046,11305000.0
QL0000288,Q000154,P001,10,22.7767,USD,0.0544,5394000.0
QL0000289,Q000155,P001,11,559741.286,VND,0.0365,5932000.0
QL0000290,Q000156,P001,51,22.9642,USD,0.0844,26942000.0
QL0000291,Q000156,P003,32,17.1673,USD,0.0388,13267000.0
QL0000292,Q000157,P002,13,423504.4786,VND,0.0457,5254000.0
QL0000293,Q000157,P006,20,551815.4866,VND,0.0572,10405000.0
QL0000294,Q000158,P023,28,140.7506,USD,0.0731,91963000.0
QL0000295,Q000159,P004,25,29.4579,USD,0.0767,17153000.0
QL0000296,Q000160,P002,22,442589.8798,VND,0.1061,8704000.0
QL0000297,Q000160,P006,11,539805.0262,VND,0.025,5790000.0
QL0000298,Q000161,P023,6,3888245.0426,VND,0.0785,21498000.0
QL0000299,Q000161,P027,12,3660568.1688,VND,0.0392,42205000.0
QL0000300,Q000162,P004,13,700408.9367,VND,0.0784,8392000.0
QL0000301,Q000163,P004,15,673360.0852,VND,0.0647,9446000.0
QL0000302,Q000164,P013,49,360546.2207,VND,0.0683,16459000.0
QL0000303,Q000164,P014,36,366307.7944,VND,0.061,12383000.0
QL0000304,Q000165,P013,13,362193.5792,VND,0.0525,4461000.0
QL0000305,Q000166,P006,11,23.6553,USD,0.1323,5725000.0
QL0000306,Q000166,P003,11,17.4682,USD,0.088,4444000.0
QL0000307,Q000166,P004,37,27.314,USD,0.078,23629000.0
QL0000308,Q000167,P006,14,547393.0619,VND,0.0954,6933000.0
QL0000309,Q000167,P004,40,689337.3357,VND,0.0822,25308000.0
QL0000310,Q000168,P001,32,587135.0226,VND,0.0322,18183000.0
QL0000311,Q000168,P004,15,704027.0301,VND,0.0769,9749000.0
QL0000312,Q000169,P001,16,22.849,USD,0.0683,8664000.0
QL0000313,Q000169,P005,26,22.1056,USD,0.1307,12710000.0
QL0000314,Q000169,P002,15,17.3982,USD,0.0789,6115000.0
QL0000315,Q000169,P006,16,22.2783,USD,0.0463,8648000.0
QL0000316,Q000170,P006,31,592789.8696,VND,0.0454,17542000.0
QL0000317,Q000170,P001,42,629183.5479,VND,0.0177,25958000.0
QL0000318,Q000171,P001,10,551524.3333,VND,0.0369,5312000.0
QL0000319,Q000172,P001,4,22.991,USD,0.0808,2153000.0
QL0000320,Q000172,P005,75,23.871,USD,0.0884,41571000.0
QL0000321,Q000172,P003,55,15.8092,USD,0.0522,20991000.0
QL0000322,Q000173,P001,13,621215.8715,VND,0.0556,7627000.0
QL0000323,Q000173,P005,18,554370.2175,VND,0.0186,9793000.0
QL0000324,Q000174,P003,40,442362.2615,VND,0.059,16651000.0
QL0000325,Q000175,P003,22,435574.8178,VND,0.0839,8779000.0
QL0000326,Q000176,P003,21,431171.8248,VND,0.1383,7803000.0
QL0000327,Q000176,P004,20,698189.4489,VND,0.0777,12878000.0
QL0000328,Q000177,P010,40,380862.6182,VND,0.0399,14626000.0
QL0000329,Q000178,P004,58,715193.3586,VND,0.0076,41164000.0
QL0000330,Q000178,P001,20,610178.3544,VND,0.1014,10966000.0
QL0000331,Q000179,P005,22,593832.4355,VND,0.0692,12160000.0
QL0000332,Q000180,P005,19,630537.2083,VND,0.0889,10915000.0
QL0000333,Q000181,P003,11,15.5252,USD,0.0312,4214000.0
QL0000334,Q000182,P005,31,575106.9178,VND,0.0991,16062000.0
QL0000335,Q000182,P004,20,695942.4599,VND,0.0768,12849000.0
QL0000336,Q000183,P001,43,560401.2721,VND,0.0239,23522000.0
QL0000337,Q000183,P006,9,544155.7777,VND,0.1167,4326000.0
QL0000338,Q000184,P003,32,430776.194,VND,0.0579,12986000.0
QL0000339,Q000184,P002,11,441516.3191,VND,0.0227,4746000.0
QL0000340,Q000184,P005,30,623591.1443,VND,0.038,17996000.0
QL0000341,Q000184,P006,31,583561.1031,VND,0.0576,17048000.0
QL0000342,Q000185,P011,21,288584.8448,VND,0.1094,5397000.0
QL0000343,Q000186,P005,9,22.597,USD,0.0978,4706000.0
QL0000344,Q000186,P006,64,20.9833,USD,0.0129,33997000.0
QL0000345,Q000187,P005,5,635191.2575,VND,0.0657,2967000.0
QL0000346,Q000187,P003,20,405636.6324,VND,0.0749,7505000.0
QL0000347,Q000187,P004,5,729231.357,VND,0.0581,3434000.0
QL0000348,Q000188,P004,21,675263.9091,VND,0.0698,13190000.0
QL0000349,Q000189,P002,65,403825.7264,VND,0.0286,25498000.0
QL0000350,Q000190,P006,59,544436.2464,VND,0.0501,30512000.0
QL0000351,Q000190,P004,16,693506.5676,VND,0.0,11096000.0
QL0000352,Q000191,P006,26,569201.8765,VND,0.0782,13641000.0
QL0000353,Q000192,P026,29,5112717.6653,VND,0.0703,137844000.0
QL0000354,Q000193,P011,62,11.5222,USD,0.1238,15840000.0
QL0000355,Q000193,P008,139,16.3563,USD,0.1042,51541000.0
QL0000356,Q000194,P010,26,426783.3748,VND,0.0183,10894000.0
QL0000357,Q000194,P011,113,310309.7096,VND,0.075,32436000.0
QL0000358,Q000194,P007,147,178997.4368,VND,0.0401,25259000.0
QL0000359,Q000194,P008,47,368596.0749,VND,0.0724,16070000.0
QL0000360,Q000195,P010,101,406504.8438,VND,0.0805,37752000.0
QL0000361,Q000196,P001,49,614085.4823,VND,0.0472,28669000.0
QL0000362,Q000197,P025,4,5595798.8426,VND,0.1099,19923000.0
QL0000363,Q000197,P027,35,4002003.7518,VND,0.0,140070000.0
QL0000364,Q000197,P022,12,2411983.5461,VND,0.0772,26711000.0
QL0000365,Q000197,P023,14,4035630.3237,VND,0.0372,54397000.0
QL0000366,Q000198,P024,17,4932572.647,VND,0.0913,76199000.0
QL0000367,Q000199,P003,3,409884.1968,VND,0.0869,1123000.0
QL0000368,Q000200,P032,4,18584674.8615,VND,0.0835,68131000.0
QL0000369,Q000201,P001,13,584934.3764,VND,0.1016,6832000.0
QL0000370,Q000201,P003,12,437815.6366,VND,0.026,5117000.0
QL0000371,Q000202,P001,18,556361.0455,VND,0.0608,9406000.0
QL0000372,Q000202,P005,18,565112.7139,VND,0.0712,9448000.0
QL0000373,Q000202,P003,11,444081.5032,VND,0.1142,4327000.0
QL0000374,Q000202,P004,24,679393.1594,VND,0.1141,14444000.0
QL0000375,Q000203,P026,12,4888528.6122,VND,0.0108,58027000.0
QL0000376,Q000203,P022,49,2349156.6744,VND,0.0341,111181000.0
QL0000377,Q000204,P026,19,190.1503,USD,0.0567,86759000.0
QL0000378,Q000205,P026,24,4991493.4083,VND,0.1007,107727000.0
QL0000379,Q000206,P014,38,401398.4042,VND,0.0375,14681000.0
QL0000380,Q000206,P016,26,519370.7204,VND,0.0819,12398000.0
QL0000381,Q000206,P015,66,123592.3484,VND,0.0538,7718000.0
QL0000382,Q000207,P001,31,602504.2359,VND,0.018,18342000.0
QL0000383,Q000207,P004,27,661592.1762,VND,0.0774,16481000.0
QL0000384,Q000208,P002,29,420679.3338,VND,0.0682,11368000.0
QL0000385,Q000208,P006,23,542544.5642,VND,0.0496,11860000.0
QL0000386,Q000209,P016,19,509050.299,VND,0.0,9672000.0
QL0000387,Q000209,P013,27,350859.5163,VND,0.0368,9124000.0
QL0000388,Q000210,P001,58,625431.7972,VND,0.0551,34275000.0
QL0000389,Q000211,P001,27,613788.2036,VND,0.0669,15464000.0
QL0000390,Q000212,P002,22,394936.4329,VND,0.0727,8057000.0
QL0000391,Q000213,P005,4,632063.7916,VND,0.078,2331000.0
QL0000392,Q000214,P001,16,615302.2294,VND,0.0887,8972000.0
QL0000393,Q000214,P003,38,407672.0636,VND,0.0498,14719000.0
QL0000394,Q000214,P002,39,397104.11,VND,0.0013,15467000.0
QL0000395,Q000215,P001,20,594017.8768,VND,0.0532,11248000.0
QL0000396,Q000216,P001,6,24.7352,USD,0.1347,3256000.0
QL0000397,Q000216,P005,5,22.2775,USD,0.0406,2710000.0
QL0000398,Q000216,P002,34,17.1787,USD,0.0223,14479000.0
QL0000399,Q000217,P001,13,566106.4326,VND,0.0,7359000.0
QL0000400,Q000217,P003,14,425314.4296,VND,0.0145,5868000.0
QL0000401,Q000217,P006,9,565418.7311,VND,0.0698,4733000.0
QL0000402,Q000218,P001,59,24.3292,USD,0.1156,32196000.0
QL0000403,Q000218,P005,18,25.2906,USD,0.1312,10031000.0
QL0000404,Q000218,P004,21,28.0253,USD,0.0188,14645000.0
QL0000405,Q000219,P001,25,22.8737,USD,0.0111,14338000.0
QL0000406,Q000219,P002,48,16.8746,USD,0.0808,18876000.0
QL0000407,Q000219,P006,8,22.4156,USD,0.1117,4039000.0
QL0000408,Q000219,P005,9,22.3896,USD,0.0254,4979000.0
QL0000409,Q000220,P001,13,21.3345,USD,0.0677,6567000.0
QL0000410,Q000220,P006,51,22.2731,USD,0.0699,26832000.0
QL0000411,Q000220,P005,61,22.8467,USD,0.0975,31943000.0
QL0000412,Q000221,P027,65,3662946.0116,VND,0.0224,232754000.0
QL0000413,Q000221,P022,10,2300821.6317,VND,0.0473,21920000.0
QL0000414,Q000221,P025,11,5691973.5979,VND,0.0236,61133000.0
QL0000415,Q000222,P027,11,3651660.5473,VND,0.0559,37923000.0
QL0000416,Q000222,P024,26,4494779.104,VND,0.0,116864000.0
QL0000417,Q000223,P003,15,419886.783,VND,0.0649,5889000.0
QL0000418,Q000224,P003,42,401194.0187,VND,0.0637,15776000.0
QL0000419,Q000224,P004,32,744104.4433,VND,0.0677,22200000.0
QL0000420,Q000224,P005,5,636267.7147,VND,0.0157,3131000.0
QL0000421,Q000225,P021,186,5.685,USD,0.06,25301000.0
QL0000422,Q000226,P010,94,427251.7054,VND,0.0492,38184000.0
QL0000423,Q000227,P010,22,383837.4884,VND,0.0074,8382000.0
QL0000424,Q000227,P007,107,183980.2373,VND,0.1045,17629000.0
QL0000425,Q000228,P027,13,3666594.7198,VND,0.1566,40202000.0
QL0000426,Q000229,P018,40,317597.8986,VND,0.0539,12019000.0
QL0000427,Q000229,P017,15,234657.7806,VND,0.0533,3332000.0
QL0000428,Q000230,P018,61,306363.0952,VND,0.0551,17658000.0
QL0000429,Q000231,P004,9,707287.0205,VND,0.0985,5739000.0
QL0000430,Q000231,P005,7,601743.6876,VND,0.0969,3804000.0
QL0000431,Q000232,P023,9,3594008.7136,VND,0.0518,30671000.0
QL0000432,Q000233,P021,184,145046.4644,VND,0.0957,24133000.0
QL0000433,Q000233,P017,41,238171.302,VND,0.024,9531000.0
QL0000434,Q000233,P018,51,296876.0523,VND,0.0543,14319000.0
QL0000435,Q000234,P001,13,578656.9965,VND,0.118,6635000.0
QL0000436,Q000235,P001,6,24.1478,USD,0.0874,3346000.0
QL0000437,Q000235,P004,42,27.9689,USD,0.0876,27126000.0
QL0000438,Q000235,P003,13,17.6173,USD,0.0146,5712000.0
QL0000439,Q000235,P002,43,16.3256,USD,0.1035,15927000.0
QL0000440,Q000236,P007,49,176075.4975,VND,0.0733,7995000.0
QL0000441,Q000236,P010,36,416811.3105,VND,0.0504,14249000.0
QL0000442,Q000236,P011,36,320997.7913,VND,0.0558,10911000.0
QL0000443,Q000237,P006,17,23.7987,USD,0.0377,9744000.0
QL0000444,Q000238,P001,9,21.8709,USD,0.0771,4562000.0
QL0000445,Q000239,P005,19,629997.0282,VND,0.0626,11221000.0
QL0000446,Q000239,P001,12,554285.7611,VND,0.0545,6289000.0
QL0000447,Q000239,P006,6,584053.3148,VND,0.0586,3299000.0
QL0000448,Q000240,P024,20,4901769.4043,VND,0.0663,91540000.0
QL0000449,Q000241,P028,2,5655508.4596,VND,0.0783,10426000.0
QL0000450,Q000241,P031,3,19675966.1748,VND,0.0887,53793000.0
QL0000451,Q000241,P032,6,19819571.7467,VND,0.029,115465000.0
QL0000452,Q000242,P001,11,614498.5994,VND,0.0489,6429000.0
QL0000453,Q000243,P001,34,25.1901,USD,0.0397,20705000.0
QL0000454,Q000243,P002,39,15.9709,USD,0.08,14424000.0
QL0000455,Q000244,P003,19,398171.9691,VND,0.0898,6886000.0
QL0000456,Q000245,P005,8,584021.5369,VND,0.0443,4465000.0
QL0000457,Q000246,P005,8,24.9922,USD,0.0395,4877000.0
QL0000458,Q000246,P003,41,17.289,USD,0.0348,17375000.0
QL0000459,Q000247,P002,28,408651.7019,VND,0.052,10847000.0
QL0000460,Q000248,P022,10,90.2175,USD,0.0781,21387000.0
QL0000461,Q000249,P002,14,427136.1824,VND,0.0409,5735000.0
QL0000462,Q000249,P006,69,620848.7917,VND,0.0244,41795000.0
QL0000463,Q000249,P003,13,418546.799,VND,0.0438,5203000.0
QL0000464,Q000250,P007,43,6.5567,USD,0.0463,6875000.0
QL0000465,Q000250,P011,43,13.0142,USD,0.0643,13388000.0
QL0000466,Q000251,P007,134,165413.4944,VND,0.0641,20744000.0
QL0000467,Q000251,P009,29,261751.2355,VND,0.0581,7150000.0
QL0000468,Q000251,P008,52,408365.4005,VND,0.0677,19797000.0
QL0000469,Q000252,P009,32,249378.057,VND,0.1355,6899000.0
QL0000470,Q000252,P011,19,312649.0422,VND,0.0866,5426000.0
QL0000471,Q000253,P003,75,394885.6786,VND,0.02,29023000.0
QL0000472,Q000253,P006,5,558111.524,VND,0.0451,2665000.0
QL0000473,Q000253,P005,89,597421.1207,VND,0.0166,52289000.0
QL0000474,Q000254,P003,31,444464.8447,VND,0.1004,12396000.0
QL0000475,Q000254,P002,12,444104.2528,VND,0.1366,4602000.0
QL0000476,Q000254,P004,15,692617.2589,VND,0.0557,9811000.0
QL0000477,Q000255,P001,36,557008.8956,VND,0.0525,18999000.0
QL0000478,Q000256,P006,30,593730.6787,VND,0.0566,16804000.0
QL0000479,Q000257,P006,17,21.9291,USD,0.0043,9294000.0
QL0000480,Q000258,P006,25,24.1396,USD,0.0854,13850000.0
QL0000481,Q000258,P005,13,24.6559,USD,0.1087,7169000.0
QL0000482,Q000259,P001,20,609448.4002,VND,0.0448,11643000.0
QL0000483,Q000260,P009,125,9.8167,USD,0.049,29161000.0
QL0000484,Q000260,P008,34,16.0445,USD,0.076,12596000.0
QL0000485,Q000261,P009,48,242190.9848,VND,0.0239,11347000.0
QL0000486,Q000262,P001,49,570752.1657,VND,0.0546,26441000.0
QL0000487,Q000263,P009,74,228311.2909,VND,0.0331,16336000.0
QL0000488,Q000263,P011,74,316493.5043,VND,0.0,23421000.0
QL0000489,Q000263,P010,113,397943.1658,VND,0.0858,41110000.0
QL0000490,Q000263,P008,52,409493.5021,VND,0.0,21294000.0
QL0000491,Q000264,P009,99,10.4028,USD,0.029,25130000.0
QL0000492,Q000264,P011,17,12.3583,USD,0.0106,5224000.0
QL0000493,Q000265,P004,19,750309.0383,VND,0.058,13428000.0
QL0000494,Q000266,P018,282,296388.7166,VND,0.0218,81759000.0
QL0000495,Q000267,P018,105,312554.6558,VND,0.0613,30807000.0
QL0000496,Q000268,P021,28,5.2698,USD,0.1082,3304000.0
QL0000497,Q000268,P020,122,15.2784,USD,0.0693,43564000.0
QL0000498,Q000269,P001,30,622271.0565,VND,0.0,18668000.0
QL0000499,Q000269,P005,7,615720.656,VND,0.0348,4160000.0
QL0000500,Q000269,P006,14,573128.7538,VND,0.0221,7846000.0
QL0000501,Q000270,P001,69,599843.9001,VND,0.1635,34621000.0
QL0000502,Q000271,P002,28,394643.8587,VND,0.0433,10572000.0
QL0000503,Q000272,P002,12,443725.7217,VND,0.1252,4658000.0
QL0000504,Q000273,P010,21,15.9899,USD,0.0743,7913000.0
QL0000505,Q000274,P010,27,418288.3468,VND,0.0571,10649000.0
QL0000506,Q000275,P001,12,559504.13,VND,0.0572,6330000.0
QL0000507,Q000276,P001,15,600486.8597,VND,0.0538,8523000.0
QL0000508,Q000276,P003,39,407326.2794,VND,0.073,14726000.0
QL0000509,Q000277,P001,21,592059.2897,VND,0.063,11650000.0
QL0000510,Q000278,P001,44,21.526,USD,0.0225,23644000.0
QL0000511,Q000278,P002,33,17.4086,USD,0.0595,13798000.0
QL0000512,Q000279,P001,27,625016.4007,VND,0.0403,16196000.0
QL0000513,Q000280,P007,153,179925.2814,VND,0.0397,26436000.0
QL0000514,Q000281,P026,15,4956505.8291,VND,0.0775,68585000.0
QL0000515,Q000282,P026,9,193.1734,USD,0.0784,40994000.0
QL0000516,Q000282,P022,10,95.7468,USD,0.0592,23048000.0
QL0000517,Q000282,P023,14,149.2994,USD,0.0685,49815000.0
QL0000518,Q000283,P002,12,435175.2604,VND,0.0216,5109000.0
QL0000519,Q000283,P001,14,576601.041,VND,0.0254,7867000.0
QL0000520,Q000284,P002,34,433807.1159,VND,0.095,13348000.0
QL0000521,Q000284,P005,26,642582.9119,VND,0.0732,15484000.0
QL0000522,Q000284,P001,29,585867.3878,VND,0.0462,16206000.0
QL0000523,Q000284,P006,5,546924.8982,VND,0.0769,2524000.0
QL0000524,Q000285,P002,17,394805.963,VND,0.0452,6408000.0
QL0000525,Q000285,P003,15,434376.5957,VND,0.0332,6300000.0
QL0000526,Q000286,P004,7,668518.5861,VND,0.1346,4050000.0
QL0000527,Q000286,P003,21,436277.9662,VND,0.0703,8518000.0
QL0000528,Q000286,P006,18,557324.1006,VND,0.0914,9115000.0
QL0000529,Q000286,P001,18,607006.1118,VND,0.0473,10409000.0
QL0000530,Q000287,P004,15,681434.4743,VND,0.0992,9208000.0
QL0000531,Q000288,P004,4,706965.7504,VND,0.1041,2533000.0
QL0000532,Q000288,P001,44,555785.0349,VND,0.0832,22419000.0
QL0000533,Q000288,P005,22,617872.0332,VND,0.141,11677000.0
QL0000534,Q000289,P002,22,420956.1882,VND,0.0904,8424000.0
QL0000535,Q000289,P003,20,407108.5222,VND,0.101,7319000.0
QL0000536,Q000290,P002,58,416258.6775,VND,0.1039,21634000.0
QL0000537,Q000290,P004,9,709049.9456,VND,0.1298,5553000.0
QL0000538,Q000290,P005,35,596419.956,VND,0.1429,17891000.0
QL0000539,Q000291,P002,16,17.2849,USD,0.0733,6511000.0
QL0000540,Q000291,P004,7,26.3224,USD,0.0636,4384000.0
QL0000541,Q000291,P005,5,22.3395,USD,0.0793,2613000.0
QL0000542,Q000292,P005,40,25.5984,USD,0.0438,24846000.0
QL0000543,Q000292,P003,15,17.0553,USD,0.0376,6248000.0
QL0000544,Q000293,P024,7,4313606.4525,VND,0.1187,26611000.0
QL0000545,Q000294,P024,5,4457947.8861,VND,0.0432,21326000.0
QL0000546,Q000294,P026,11,4884320.7808,VND,0.0974,48497000.0
QL0000547,Q000295,P001,27,579599.8488,VND,0.0643,14643000.0
QL0000548,Q000296,P001,9,22.5958,USD,0.0336,4985000.0
QL0000549,Q000296,P006,27,22.5259,USD,0.0779,14225000.0
QL0000550,Q000297,P002,21,428723.8464,VND,0.0764,8316000.0
QL0000551,Q000297,P001,32,548483.3697,VND,0.0505,16666000.0
QL0000552,Q000297,P005,80,566727.0148,VND,0.0245,44225000.0
QL0000553,Q000297,P004,21,672107.4846,VND,0.0848,12917000.0
QL0000554,Q000298,P002,21,433145.5538,VND,0.1029,8160000.0
QL0000555,Q000299,P004,17,28.425,USD,0.0233,11981000.0
QL0000556,Q000299,P005,18,25.3589,USD,0.0,11588000.0
QL0000557,Q000300,P004,15,736232.0865,VND,0.1143,9782000.0
QL0000558,Q000301,P004,6,26.4575,USD,0.0612,3787000.0
QL0000559,Q000301,P005,10,22.416,USD,0.0971,5142000.0
QL0000560,Q000302,P002,17,17.229,USD,0.0503,7109000.0
QL0000561,Q000303,P002,20,15.6843,USD,0.0165,7898000.0
QL0000562,Q000304,P002,33,438085.3028,VND,0.0756,13363000.0
QL0000563,Q000305,P001,9,24.0261,USD,0.0619,5193000.0
QL0000564,Q000305,P003,47,16.4945,USD,0.1407,17054000.0
QL0000565,Q000305,P006,50,23.3122,USD,0.0257,29072000.0
QL0000566,Q000306,P001,7,616041.4522,VND,0.0524,4087000.0
QL0000567,Q000306,P005,34,626187.3997,VND,0.0323,20602000.0
QL0000568,Q000307,P001,10,591106.9858,VND,0.1041,5296000.0
QL0000569,Q000308,P004,9,741462.3431,VND,0.0106,6603000.0
QL0000570,Q000309,P001,24,632335.6466,VND,0.0561,14325000.0
QL0000571,Q000310,P004,26,680754.5468,VND,0.096,16001000.0
QL0000572,Q000311,P004,12,656112.2048,VND,0.0527,7459000.0
QL0000573,Q000311,P005,59,595020.185,VND,0.0137,34625000.0
QL0000574,Q000312,P005,67,644967.4443,VND,0.0566,40765000.0
QL0000575,Q000313,P001,18,597534.6684,VND,0.037,10358000.0
QL0000576,Q000313,P005,55,582057.8122,VND,0.0,32013000.0
QL0000577,Q000314,P003,15,17.5711,USD,0.066,6154000.0
QL0000578,Q000315,P024,53,4426663.9922,VND,0.0223,229373000.0
QL0000579,Q000315,P023,22,3735698.6301,VND,0.1029,73731000.0
QL0000580,Q000315,P025,14,5666910.8123,VND,0.133,68785000.0
QL0000581,Q000315,P022,25,2542977.9233,VND,0.0623,59612000.0
QL0000582,Q000316,P024,28,4914839.23,VND,0.0539,130203000.0
QL0000583,Q000317,P001,20,549241.3113,VND,0.0285,10671000.0
QL0000584,Q000318,P001,8,602348.8588,VND,0.0587,4536000.0
QL0000585,Q000319,P001,7,620498.3548,VND,0.0521,4117000.0
QL0000586,Q000320,P001,62,22.4924,USD,0.0429,33600000.0
QL0000587,Q000320,P006,16,21.6423,USD,0.0833,7991000.0
QL0000588,Q000321,P008,98,16.2171,USD,0.0404,38591000.0
QL0000589,Q000321,P009,108,9.8506,USD,0.0266,26203000.0
QL0000590,Q000322,P011,126,310723.8231,VND,0.0749,36217000.0
QL0000591,Q000322,P009,126,249973.0482,VND,0.0723,29218000.0
QL0000592,Q000322,P010,113,409396.5043,VND,0.0,46262000.0
QL0000593,Q000322,P007,11,172718.7724,VND,0.0617,1783000.0
QL0000594,Q000323,P011,61,305076.5597,VND,0.065,17399000.0
QL0000595,Q000324,P001,31,615283.7161,VND,0.0902,17353000.0
QL0000596,Q000325,P027,49,145.9744,USD,0.0224,178589000.0
QL0000597,Q000325,P022,21,100.7611,USD,0.0097,53517000.0
QL0000598,Q000325,P026,6,207.6895,USD,0.0701,29596000.0
QL0000599,Q000326,P027,52,3866654.5312,VND,0.036,193822000.0
QL0000600,Q000326,P024,11,4537460.67,VND,0.1105,44396000.0
QL0000601,Q000326,P026,21,5168237.8869,VND,0.0526,102820000.0
QL0000602,Q000327,P001,19,629925.7835,VND,0.0696,11136000.0
QL0000603,Q000327,P004,18,695123.4057,VND,0.0455,11942000.0
QL0000604,Q000328,P001,27,580157.128,VND,0.0836,14355000.0
QL0000605,Q000329,P001,55,600895.5265,VND,0.1274,28839000.0
QL0000606,Q000330,P022,12,2547917.8692,VND,0.0434,29247000.0
QL0000607,Q000331,P022,5,2525062.8795,VND,0.072,11717000.0
QL0000608,Q000331,P026,11,5227890.4204,VND,0.0499,54635000.0
QL0000609,Q000331,P027,51,3820500.3626,VND,0.0874,177811000.0
QL0000610,Q000331,P025,17,5190185.6045,VND,0.072,81882000.0
QL0000611,Q000332,P004,16,720816.1319,VND,0.0551,10897000.0
QL0000612,Q000332,P003,78,446934.6436,VND,0.0737,32292000.0
QL0000613,Q000332,P002,37,395799.3731,VND,0.0753,13542000.0
QL0000614,Q000332,P005,16,590172.5748,VND,0.0401,9064000.0
QL0000615,Q000333,P001,4,604770.797,VND,0.0,2419000.0
QL0000616,Q000334,P006,35,599609.0037,VND,0.0644,19634000.0
QL0000617,Q000334,P003,29,408310.0611,VND,0.056,11178000.0
QL0000618,Q000334,P002,11,445866.0623,VND,0.0078,4866000.0
QL0000619,Q000335,P006,31,549274.4719,VND,0.0676,15876000.0
QL0000620,Q000336,P004,36,687001.7172,VND,0.0565,23335000.0
QL0000621,Q000337,P001,14,559203.4093,VND,0.0227,7651000.0
QL0000622,Q000338,P001,8,23.3973,USD,0.0804,4407000.0
QL0000623,Q000338,P004,28,29.0863,USD,0.0443,19929000.0
QL0000624,Q000339,P019,120,286612.1036,VND,0.0406,32996000.0
QL0000625,Q000340,P019,106,308788.4478,VND,0.0049,32573000.0
QL0000626,Q000341,P019,19,11.7196,USD,0.049,5422000.0
QL0000627,Q000342,P025,31,227.7102,USD,0.0212,174861000.0
QL0000628,Q000342,P026,10,197.4965,USD,0.0224,48862000.0
QL0000629,Q000342,P027,13,153.5786,USD,0.025,49267000.0
QL0000630,Q000342,P022,31,89.6609,USD,0.0679,65568000.0
QL0000631,Q000343,P025,11,5269636.8612,VND,0.0471,55233000.0
QL0000632,Q000344,P025,39,5531101.8271,VND,0.0248,210355000.0
QL0000633,Q000344,P022,15,2391752.933,VND,0.128,31284000.0
QL0000634,Q000345,P001,8,595548.0964,VND,0.0427,4561000.0
QL0000635,Q000345,P005,6,621129.2875,VND,0.0896,3393000.0
QL0000636,Q000346,P001,19,605316.3581,VND,0.0499,10927000.0
QL0000637,Q000347,P003,18,16.0874,USD,0.0204,7094000.0
QL0000638,Q000347,P006,31,22.3575,USD,0.0797,15951000.0
QL0000639,Q000348,P003,39,417786.1473,VND,0.1544,13777000.0
QL0000640,Q000348,P005,15,575634.0252,VND,0.1162,7631000.0
QL0000641,Q000348,P002,37,427581.069,VND,0.1034,14184000.0
QL0000642,Q000349,P022,7,2489349.2335,VND,0.0597,16385000.0
QL0000643,Q000350,P009,50,233460.1399,VND,0.0318,11301000.0
QL0000644,Q000351,P009,23,243829.8813,VND,0.0904,5101000.0
QL0000645,Q000351,P008,39,386644.5043,VND,0.1029,13527000.0
QL0000646,Q000351,P010,52,410130.7561,VND,0.0199,20903000.0
QL0000647,Q000352,P003,8,451938.4261,VND,0.0031,3604000.0
QL0000648,Q000353,P003,10,17.2851,USD,0.0557,4128000.0
QL0000649,Q000354,P001,15,628012.5206,VND,0.0531,8920000.0
QL0000650,Q000354,P006,24,588835.8049,VND,0.0583,13308000.0
QL0000651,Q000355,P001,22,584823.6676,VND,0.0517,12202000.0
QL0000652,Q000356,P023,39,3512393.3775,VND,0.0986,123482000.0
QL0000653,Q000357,P023,10,3812825.9257,VND,0.0854,34874000.0
QL0000654,Q000357,P026,22,5422581.2189,VND,0.1036,106934000.0
QL0000655,Q000358,P023,10,3785762.2212,VND,0.1016,34012000.0
QL0000656,Q000359,P001,36,623280.5937,VND,0.045,21428000.0
QL0000657,Q000360,P001,26,595242.9709,VND,0.0405,14849000.0
QL0000658,Q000360,P004,52,730375.5503,VND,0.0978,34263000.0
QL0000659,Q000360,P006,27,609779.1958,VND,0.0662,15374000.0
QL0000660,Q000360,P002,11,394291.3138,VND,0.1075,3871000.0
QL0000661,Q000361,P022,19,2484391.8913,VND,0.0479,44943000.0
QL0000662,Q000362,P001,9,604482.0706,VND,0.0901,4950000.0
QL0000663,Q000363,P002,28,440088.6306,VND,0.0,12322000.0
QL0000664,Q000364,P007,26,168493.6733,VND,0.0754,4050000.0
QL0000665,Q000364,P008,37,369975.0668,VND,0.0365,13189000.0
QL0000666,Q000364,P011,102,316240.9271,VND,0.0308,31262000.0
QL0000667,Q000365,P007,41,174967.8296,VND,0.0967,6480000.0
QL0000668,Q000365,P008,277,406589.512,VND,0.0887,102630000.0
QL0000669,Q000366,P004,19,26.1165,USD,0.074,11782000.0
QL0000670,Q000367,P001,19,595644.5438,VND,0.0681,10547000.0
QL0000671,Q000368,P001,53,582699.9931,VND,0.0832,28314000.0
QL0000672,Q000368,P005,13,571003.2478,VND,0.1064,6633000.0
QL0000673,Q000368,P004,16,662662.134,VND,0.0,10603000.0
QL0000674,Q000368,P002,71,404945.8251,VND,0.1162,25411000.0
QL0000675,Q000369,P009,31,249317.0043,VND,0.0,7729000.0
QL0000676,Q000370,P009,65,247504.5485,VND,0.1032,14427000.0
QL0000677,Q000371,P009,35,225773.6164,VND,0.1344,6840000.0
QL0000678,Q000371,P008,18,400283.6048,VND,0.057,6794000.0
QL0000679,Q000372,P003,44,436097.6434,VND,0.0911,17441000.0
QL0000680,Q000372,P001,33,553155.4587,VND,0.0105,18063000.0
QL0000681,Q000373,P005,7,577436.5615,VND,0.0518,3833000.0
QL0000682,Q000374,P005,22,642493.6727,VND,0.0364,13620000.0
QL0000683,Q000374,P002,31,436439.1071,VND,0.0709,12571000.0
QL0000684,Q000374,P003,16,405191.2779,VND,0.1023,5820000.0
QL0000685,Q000375,P001,35,576166.3582,VND,0.0214,19735000.0
QL0000686,Q000376,P001,5,620687.9322,VND,0.0573,2926000.0
QL0000687,Q000376,P006,6,552886.247,VND,0.0758,3066000.0
QL0000688,Q000377,P001,17,21.877,USD,0.049,8872000.0
QL0000689,Q000377,P005,21,22.427,USD,0.0895,10757000.0
QL0000690,Q000377,P003,19,16.4298,USD,0.1144,6935000.0
QL0000691,Q000378,P001,6,568888.544,VND,0.0609,3206000.0
QL0000692,Q000379,P001,6,560405.1694,VND,0.0,3362000.0
QL0000693,Q000379,P004,156,721783.2297,VND,0.0278,109464000.0
QL0000694,Q000380,P003,9,408373.9703,VND,0.0823,3373000.0
QL0000695,Q000380,P005,48,595531.9965,VND,0.0672,26664000.0
QL0000696,Q000380,P002,50,404333.27,VND,0.0023,20171000.0
QL0000697,Q000380,P006,11,605909.8884,VND,0.0157,6560000.0
QL0000698,Q000381,P003,24,392598.3163,VND,0.0535,8918000.0
QL0000699,Q000381,P005,15,624099.8167,VND,0.0282,9097000.0
QL0000700,Q000382,P003,47,399981.0179,VND,0.0764,17363000.0
QL0000701,Q000382,P004,11,667252.6386,VND,0.0526,6954000.0
QL0000702,Q000383,P001,29,584084.7451,VND,0.0625,15880000.0
QL0000703,Q000384,P027,3,4080165.4455,VND,0.0185,12014000.0
QL0000704,Q000385,P027,10,160.3361,USD,0.0905,36853000.0
QL0000705,Q000385,P023,15,152.39,USD,0.0842,52903000.0
QL0000706,Q000386,P022,12,93.7131,USD,0.1207,24786000.0
QL0000707,Q000387,P022,21,2365320.8637,VND,0.0612,46634000.0
QL0000708,Q000387,P027,28,3522565.6369,VND,0.0979,88979000.0
QL0000709,Q000387,P024,11,4781559.9102,VND,0.0793,48427000.0
QL0000710,Q000388,P001,32,23.5176,USD,0.0,18879000.0
QL0000711,Q000389,P001,16,605395.4055,VND,0.0732,8978000.0
QL0000712,Q000389,P006,100,601793.3449,VND,0.0169,59162000.0
QL0000713,Q000390,P001,28,22.6097,USD,0.062,14872000.0
QL0000714,Q000390,P006,4,23.1007,USD,0.1001,2082000.0
QL0000715,Q000390,P003,7,17.9119,USD,0.0767,2899000.0
QL0000716,Q000391,P001,24,612879.9382,VND,0.0637,13772000.0
QL0000717,Q000391,P002,13,397705.2864,VND,0.0814,4749000.0
QL0000718,Q000392,P015,25,133261.0374,VND,0.1089,2969000.0
QL0000719,Q000392,P016,45,477027.4687,VND,0.0987,19348000.0
QL0000720,Q000393,P004,20,686055.0125,VND,0.0524,13002000.0
QL0000721,Q000393,P001,16,628646.1903,VND,0.0535,9520000.0
QL0000722,Q000394,P001,16,576479.9597,VND,0.0634,8639000.0
QL0000723,Q000395,P004,26,699388.3243,VND,0.0385,17484000.0
QL0000724,Q000395,P001,23,610185.5253,VND,0.0539,13277000.0
QL0000725,Q000396,P004,21,735162.6112,VND,0.0796,14209000.0
QL0000726,Q000397,P001,46,24.2969,USD,0.1011,25543000.0
QL0000727,Q000397,P004,7,27.886,USD,0.0185,4871000.0
QL0000728,Q000398,P001,43,23.5825,USD,0.042,24721000.0
QL0000729,Q000398,P003,13,17.5329,USD,0.1084,5172000.0
QL0000730,Q000399,P026,19,4804281.2038,VND,0.0378,87828000.0
QL0000731,Q000399,P023,28,3545387.0913,VND,0.0185,97432000.0
QL0000732,Q000400,P003,16,16.4507,USD,0.0,6696000.0
QL0000733,Q000400,P006,19,21.7469,USD,0.0209,10293000.0
QL0000734,Q000401,P003,8,448515.8978,VND,0.0984,3235000.0
QL0000735,Q000402,P006,13,588229.2208,VND,0.0638,7159000.0
QL0000736,Q000403,P001,26,601804.6393,VND,0.1491,13315000.0
QL0000737,Q000403,P006,38,614703.7078,VND,0.1502,19849000.0
QL0000738,Q000404,P001,7,581147.7649,VND,0.062,3816000.0
QL0000739,Q000405,P001,14,598234.6539,VND,0.0099,8292000.0
QL0000740,Q000405,P005,28,598396.522,VND,0.0495,15925000.0
QL0000741,Q000406,P001,18,579906.1987,VND,0.0417,10003000.0
QL0000742,Q000406,P006,18,595408.3202,VND,0.1129,9507000.0
QL0000743,Q000407,P004,9,717863.9804,VND,0.0569,6093000.0
QL0000744,Q000407,P002,10,397030.9382,VND,0.0084,3937000.0
QL0000745,Q000407,P003,89,409910.2464,VND,0.0841,33415000.0
QL0000746,Q000408,P001,21,24.3623,USD,0.0957,11813000.0
QL0000747,Q000409,P005,10,569108.2688,VND,0.0,5691000.0
QL0000748,Q000409,P002,26,443448.3761,VND,0.0095,11420000.0
QL0000749,Q000410,P011,100,292754.653,VND,0.077,27021000.0
QL0000750,Q000411,P001,19,586090.3167,VND,0.0511,10567000.0
QL0000751,Q000411,P003,19,400997.7675,VND,0.0683,7099000.0
QL0000752,Q000412,P001,9,611941.2496,VND,0.018,5408000.0
QL0000753,Q000413,P012,51,405218.2851,VND,0.0563,19503000.0
QL0000754,Q000414,P004,113,721015.4807,VND,0.0,81475000.0
QL0000755,Q000415,P004,59,28.519,USD,0.0895,38477000.0
QL0000756,Q000415,P005,5,23.2791,USD,0.0705,2717000.0
QL0000757,Q000415,P003,11,16.2266,USD,0.0587,4220000.0
QL0000758,Q000416,P018,55,323668.1468,VND,0.0509,16896000.0
QL0000759,Q000417,P018,41,322742.1881,VND,0.0247,12906000.0
QL0000760,Q000417,P017,63,228234.6639,VND,0.0496,13666000.0
QL0000761,Q000418,P002,13,16.4141,USD,0.1522,4593000.0
QL0000762,Q000419,P004,10,28.5086,USD,0.0315,7013000.0
QL0000763,Q000419,P001,22,24.0356,USD,0.0581,12650000.0
QL0000764,Q000420,P027,63,3698279.546,VND,0.0255,227042000.0
QL0000765,Q000420,P024,4,4416714.468,VND,0.0357,17035000.0
QL0000766,Q000421,P004,38,683434.4743,VND,0.0226,25384000.0
QL0000767,Q000421,P002,6,414455.7908,VND,0.0845,2277000.0
QL0000768,Q000422,P002,41,438934.0715,VND,0.0,17996000.0
QL0000769,Q000423,P002,3,443542.874,VND,0.0296,1291000.0
QL0000770,Q000423,P004,9,659823.0059,VND,0.1185,5235000.0
QL0000771,Q000424,P002,18,415552.6887,VND,0.0718,6943000.0
QL0000772,Q000424,P006,10,599152.3565,VND,0.1381,5164000.0
QL0000773,Q000424,P003,9,409749.5672,VND,0.1278,3216000.0
QL0000774,Q000425,P001,27,564976.8383,VND,0.0693,14198000.0
QL0000775,Q000426,P009,23,237009.5939,VND,0.0,5451000.0
QL0000776,Q000426,P010,105,396850.7321,VND,0.0791,38374000.0
QL0000777,Q000426,P008,142,396415.1972,VND,0.0517,53382000.0
QL0000778,Q000426,P011,16,302844.1217,VND,0.0,4846000.0
QL0000779,Q000427,P001,32,616487.6848,VND,0.0897,17959000.0
QL0000780,Q000427,P003,11,432048.2615,VND,0.0,4753000.0
QL0000781,Q000427,P006,81,589383.3432,VND,0.0865,43610000.0
QL0000782,Q000428,P005,20,569408.9589,VND,0.0655,10642000.0
QL0000783,Q000428,P001,5,573709.1832,VND,0.0552,2710000.0
QL0000784,Q000428,P004,10,742944.9898,VND,0.0179,7296000.0
QL0000785,Q000428,P002,59,447036.6918,VND,0.0377,25381000.0
QL0000786,Q000429,P005,32,570967.2207,VND,0.0785,16836000.0
QL0000787,Q000430,P003,66,15.823,USD,0.0555,25102000.0
QL0000788,Q000430,P004,10,26.8668,USD,0.0772,6309000.0
QL0000789,Q000430,P006,17,22.4696,USD,0.0165,9560000.0
QL0000790,Q000431,P002,41,17.5145,USD,0.0,18222000.0
QL0000791,Q000431,P005,15,22.926,USD,0.0618,8187000.0
QL0000792,Q000432,P002,11,15.6322,USD,0.0594,4097000.0
QL0000793,Q000432,P003,9,17.2154,USD,0.1084,3499000.0
QL0000794,Q000432,P005,30,24.2501,USD,0.0801,16952000.0
QL0000795,Q000433,P015,35,128007.427,VND,0.0402,4300000.0
QL0000796,Q000434,P007,115,166961.264,VND,0.0492,18256000.0
QL0000797,Q000435,P007,29,163419.3025,VND,0.108,4227000.0
QL0000798,Q000436,P005,21,613191.5127,VND,0.044,12311000.0
QL0000799,Q000436,P006,14,593222.4685,VND,0.0,8305000.0
QL0000800,Q000436,P004,22,737302.5143,VND,0.0148,15980000.0
QL0000801,Q000437,P005,25,618305.825,VND,0.0237,15091000.0
QL0000802,Q000437,P004,13,670055.8907,VND,0.0573,8212000.0
QL0000803,Q000437,P003,8,394242.2589,VND,0.055,2980000.0
QL0000804,Q000438,P004,6,685345.9768,VND,0.0287,3994000.0
QL0000805,Q000438,P001,20,562598.9173,VND,0.0152,11081000.0
QL0000806,Q000438,P005,35,566670.3696,VND,0.0,19833000.0
QL0000807,Q000439,P004,40,734803.3951,VND,0.1044,26325000.0
QL0000808,Q000439,P006,6,610760.6718,VND,0.0674,3418000.0
QL0000809,Q000440,P001,25,23.5487,USD,0.0253,14693000.0
QL0000810,Q000440,P004,5,25.4669,USD,0.0,3260000.0
QL0000811,Q000441,P001,34,599314.3192,VND,0.0518,19321000.0
QL0000812,Q000442,P003,24,452766.2884,VND,0.0416,10414000.0
QL0000813,Q000442,P005,17,627558.3976,VND,0.0821,9793000.0
QL0000814,Q000442,P004,30,659520.7653,VND,0.0,19786000.0
QL0000815,Q000442,P006,41,611595.4453,VND,0.0522,23766000.0
QL0000816,Q000443,P003,32,394892.5882,VND,0.0122,12482000.0
QL0000817,Q000443,P006,47,553641.6441,VND,0.0939,23578000.0
QL0000818,Q000443,P001,44,558657.7686,VND,0.0024,24522000.0
QL0000819,Q000444,P003,17,395264.9429,VND,0.1073,5998000.0
QL0000820,Q000444,P006,44,575944.8396,VND,0.0282,24626000.0
QL0000821,Q000444,P001,23,569256.1314,VND,0.1176,11553000.0
QL0000822,Q000445,P019,48,311429.1683,VND,0.0514,14180000.0
QL0000823,Q000446,P003,8,430889.6656,VND,0.0801,3171000.0
QL0000824,Q000446,P006,9,540465.6792,VND,0.0812,4469000.0
QL0000825,Q000446,P004,31,705954.0319,VND,0.0007,21868000.0
QL0000826,Q000447,P003,15,17.5596,USD,0.0811,6186000.0
QL0000827,Q000447,P002,30,15.4755,USD,0.0794,10923000.0
QL0000828,Q000448,P001,18,587349.3211,VND,0.0818,9707000.0
QL0000829,Q000449,P023,10,146.5269,USD,0.0623,34725000.0
QL0000830,Q000450,P001,12,22.2336,USD,0.0523,6334000.0
QL0000831,Q000450,P002,6,16.0711,USD,0.0617,2267000.0
QL0000832,Q000451,P002,6,443648.8294,VND,0.0,2662000.0
QL0000833,Q000452,P003,6,428381.3876,VND,0.0167,2527000.0
QL0000834,Q000452,P001,15,576739.5967,VND,0.073,8019000.0
QL0000835,Q000453,P032,2,19603364.8496,VND,0.1037,35143000.0
QL0000836,Q000453,P029,1,18400248.5184,VND,0.0657,17192000.0
QL0000837,Q000454,P032,1,20116364.8546,VND,0.0698,18712000.0
QL0000838,Q000454,P028,1,5510319.5631,VND,0.0961,4981000.0
QL0000839,Q000454,P030,3,10461564.3267,VND,0.071,29157000.0
QL0000840,Q000455,P001,23,547536.9851,VND,0.0855,11516000.0
QL0000841,Q000455,P006,24,542826.508,VND,0.1112,11579000.0
QL0000842,Q000455,P005,38,621834.6368,VND,0.0775,21799000.0
QL0000843,Q000455,P002,23,414289.7319,VND,0.0666,8894000.0
QL0000844,Q000456,P007,52,182061.7144,VND,0.0052,9418000.0
QL0000845,Q000457,P002,36,17.2143,USD,0.027,15141000.0
QL0000846,Q000457,P006,17,22.6671,USD,0.0586,9109000.0
QL0000847,Q000458,P007,122,185349.674,VND,0.0124,22331000.0
QL0000848,Q000459,P002,21,404225.7185,VND,0.0,8489000.0
QL0000849,Q000459,P003,53,422643.2717,VND,0.0357,21601000.0
QL0000850,Q000460,P006,23,557990.965,VND,0.0196,12582000.0
QL0000851,Q000460,P004,15,652564.0926,VND,0.0497,9302000.0
QL0000852,Q000460,P005,30,610853.3842,VND,0.047,17465000.0
QL0000853,Q000461,P006,26,556221.0666,VND,0.1043,12954000.0
QL0000854,Q000462,P006,48,570661.2736,VND,0.0631,25664000.0
QL0000855,Q000462,P005,46,634526.3077,VND,0.117,25772000.0
QL0000856,Q000462,P002,46,437040.7957,VND,0.0326,19449000.0
QL0000857,Q000463,P002,19,415732.7874,VND,0.0,7899000.0
QL0000858,Q000463,P001,59,600253.8633,VND,0.072,32866000.0
QL0000859,Q000464,P002,33,16.0188,USD,0.0887,12266000.0
QL0000860,Q000464,P004,17,25.4704,USD,0.0843,10095000.0
QL0000861,Q000464,P001,7,22.0811,USD,0.0665,3674000.0
QL0000862,Q000465,P002,20,430565.7387,VND,0.0169,8466000.0
QL0000863,Q000466,P002,16,15.3598,USD,0.0299,6091000.0
QL0000864,Q000466,P006,23,23.8373,USD,0.0913,12729000.0
QL0000865,Q000467,P002,21,441895.1664,VND,0.1772,7636000.0
QL0000866,Q000467,P003,16,408320.5831,VND,0.108,5828000.0
QL0000867,Q000467,P004,25,694303.7953,VND,0.1607,14568000.0
QL0000868,Q000468,P010,108,398020.074,VND,0.1192,37861000.0
QL0000869,Q000469,P002,35,422567.7031,VND,0.0384,14222000.0
QL0000870,Q000469,P006,10,566178.9304,VND,0.0,5662000.0
QL0000871,Q000469,P003,12,401213.9792,VND,0.0106,4763000.0
QL0000872,Q000470,P002,19,410203.0644,VND,0.0,7794000.0
QL0000873,Q000470,P003,5,442405.1307,VND,0.0436,2116000.0
QL0000874,Q000471,P002,12,426372.3383,VND,0.1405,4397000.0
QL0000875,Q000472,P013,89,349163.7582,VND,0.0814,28546000.0
QL0000876,Q000472,P015,25,133619.2399,VND,0.0522,3166000.0
QL0000877,Q000472,P014,35,381977.8157,VND,0.0,13369000.0
QL0000878,Q000473,P013,58,14.5289,USD,0.062,20215000.0
QL0000879,Q000473,P016,39,20.2312,USD,0.1419,17315000.0
QL0000880,Q000473,P015,13,5.2466,USD,0.0668,1628000.0
QL0000881,Q000473,P014,30,15.5282,USD,0.0598,11200000.0
QL0000882,Q000474,P012,69,369925.3974,VND,0.0468,24332000.0
QL0000883,Q000474,P014,54,397417.7005,VND,0.0426,20547000.0
QL0000884,Q000474,P015,15,138809.5073,VND,0.0989,1876000.0
QL0000885,Q000475,P001,16,24.8895,USD,0.1167,8815000.0
QL0000886,Q000475,P002,8,17.2256,USD,0.0,3453000.0
QL0000887,Q000475,P003,12,15.8497,USD,0.1647,3981000.0
QL0000888,Q000476,P002,34,394929.8309,VND,0.1409,11536000.0
QL0000889,Q000476,P005,8,591377.162,VND,0.07,4400000.0
QL0000890,Q000477,P027,17,3919704.5954,VND,0.0835,61069000.0
QL0000891,Q000478,P027,10,3581547.8103,VND,0.0703,33298000.0
QL0000892,Q000478,P026,24,5090354.1301,VND,0.0548,115477000.0
QL0000893,Q000478,P023,20,3916053.8947,VND,0.0236,76476000.0
QL0000894,Q000479,P001,36,607435.9041,VND,0.0278,21259000.0
QL0000895,Q000479,P006,28,603236.7037,VND,0.0211,16534000.0
QL0000896,Q000479,P005,51,632481.7246,VND,0.0242,31476000.0
QL0000897,Q000480,P010,20,408219.4538,VND,0.1001,7347000.0
QL0000898,Q000481,P010,39,423359.1799,VND,0.0175,16222000.0
QL0000899,Q000481,P009,20,242675.5427,VND,0.0898,4418000.0
QL0000900,Q000481,P011,72,313230.241,VND,0.0446,21547000.0
QL0000901,Q000482,P023,14,3494743.4562,VND,0.1115,43470000.0
QL0000902,Q000482,P026,18,5035547.9663,VND,0.0511,86010000.0
QL0000903,Q000483,P023,17,3639830.8804,VND,0.013,61073000.0
QL0000904,Q000483,P025,24,5193657.0926,VND,0.0287,121065000.0
QL0000905,Q000483,P027,22,3892946.7757,VND,0.1375,73872000.0
QL0000906,Q000484,P001,13,561873.6944,VND,0.0173,7178000.0
QL0000907,Q000484,P002,8,394034.1812,VND,0.0329,3049000.0
QL0000908,Q000484,P003,14,445931.0164,VND,0.046,5956000.0
QL0000909,Q000485,P001,19,580245.1357,VND,0.0632,10328000.0
QL0000910,Q000485,P003,22,389172.6885,VND,0.1117,7605000.0
QL0000911,Q000486,P021,207,5.2001,USD,0.0463,26136000.0
QL0000912,Q000486,P020,50,15.9769,USD,0.0826,18659000.0
QL0000913,Q000486,P017,34,8.5097,USD,0.1129,6534000.0
QL0000914,Q000486,P019,95,11.1318,USD,0.0911,24469000.0
QL0000915,Q000487,P021,38,135002.6857,VND,0.0831,4704000.0
QL0000916,Q000487,P017,118,215757.0757,VND,0.0676,23739000.0
QL0000917,Q000488,P010,42,377353.1477,VND,0.0569,14947000.0
QL0000918,Q000488,P007,49,164153.3155,VND,0.1286,7009000.0
QL0000919,Q000488,P009,40,238760.1101,VND,0.0686,8895000.0
