quotation_id,lead_id,customer_id,quote_date_raw,version_no,quote_date_clean_reference,valid_until,salesperson_id,currency,fx_rate_to_vnd,quotation_status,header_total_vnd
Q000001,L000001,C0053,2025-01-08,1,2025-01-08,2025-02-22,E101,VND,1.0,Revised,5575000.0
Q000002,L000001,C0053,2025-01-13,2,2025-01-13,2025-02-12,E101,VND,1.0,Revised,22458000.0
Q000003,L000001,C0053,2025-01-20,3,2025-01-20,2025-02-19,E101,VND,1.0,Accepted,33192000.0
Q000004,L000004,C0034,2025-01-21,1,2025-01-21,2025-02-20,E103,USD,25587.8366,Revised,21037000.0
Q000005,L000004,C0034,2025-01-23,2,2025-01-23,2025-02-22,E103,VND,1.0,Revised,2916000.0
Q000006,L000004,C0034,2025-01-29,3,2025-01-29,2025-02-28,E103,USD,25558.1923,Accepted,4297000.0
Q000007,L000010,C0027,2025-10-08,1,2025-10-08,2025-11-07,E102,VND,1.0,Revised,22592000.0
Q000008,L000010,C0027,2025-10-13,2,2025-10-13,2025-11-27,E102,VND,1.0,Revised,21774000.0
Q000009,L000010,C0027,2025-10-18,3,2025-10-18,2025-11-17,E102,VND,1.0,Rejected,29320000.0
Q000010,L000013,C0002,2025-03-04,1,2025-03-04,2025-04-03,E101,USD,25627.0164,Accepted,93604000.0
Q000011,L000017,C0002,2025-03-20,1,2025-03-20,2025-04-19,E102,VND,1.0,Rejected,29161000.0
Q000012,L000021,C0081,2025-04-07,1,2025-04-07,2025-05-07,E101,VND,1.0,Expired,11354000.0
Q000013,L000024,,2025-04-05,1,2025-04-05,2025-05-05,E102,VND,1.0,Rejected,44998000.0
Q000014,L000026,C0012,2025-04-13,1,2025-04-13,2025-05-13,E101,VND,1.0,Accepted,50913000.0
Q000015,L000027,C0078,2025-04-26,1,2025-04-26,2025-05-26,E103,USD,25473.8825,Accepted,12233000.0
Q000016,L000030,C0001,2025-05-04,1,2025-05-04,2025-05-19,E102,VND,1.0,Expired,52915000.0
Q000017,L000031,C0014,2025-05-02,1,2025-05-02,2025-06-01,E102,VND,1.0,Revised,22946000.0
Q000018,L000031,C0014,2025-05-05,2,2025-05-05,2025-06-04,E102,VND,1.0,Accepted,5681000.0
Q000019,L000032,C0017,2025-05-04,1,2025-05-04,2025-06-03,E103,VND,1.0,Accepted,54386000.0
Q000020,L000034,C0086,2025-05-10,1,2025-05-10,2025-05-25,E101,VND,1.0,Rejected,10570000.0
Q000021,L000041,C0022,2025-06-29,1,2025-06-29,2025-08-13,E101,VND,1.0,Revised,20604000.0
Q000022,L000041,C0022,2025-07-02,2,2025-07-02,2025-08-01,E101,VND,1.0,Rejected,45927000.0
Q000023,L000044,C0102,2025-07-09,1,2025-07-09,2025-07-24,E103,VND,1.0,Revised,105497000.0
Q000024,L000044,C0102,2025-07-15,2,2025-07-15,2025-08-14,E103,USD,25304.9075,Accepted,152826000.0
Q000025,L000046,C0005,2025-08-18,1,2025-08-18,2025-09-02,E102,VND,1.0,Revised,32282000.0
Q000026,L000046,C0005,2025-08-23,2,2025-08-23,2025-09-22,E102,VND,1.0,Rejected,40241000.0
Q000027,L000051,C0104,2025-09-18,1,2025-09-18,2025-10-18,E103,VND,1.0,Accepted,9116000.0
Q000028,L000053,C0002,2025-10-09,1,2025-10-09,2025-11-08,E102,VND,1.0,Revised,6761000.0
Q000029,L000053,C0002,2025-10-14,2,2025-10-14,2025-11-13,E102,VND,1.0,Accepted,26039000.0
Q000030,L000058,C0006,2025-10-15,1,2025-10-15,2025-11-14,E102,VND,1.0,Revised,314235000.0
Q000031,L000058,C0006,2025-10-18,2,2025-10-18,2025-11-17,E102,VND,1.0,Expired,196325000.0
Q000032,L000059,C0123,2025-10-18,1,2025-10-18,2025-12-02,E102,VND,1.0,Rejected,6593000.0
Q000033,L000063,C0026,2025-11-02,1,2025-11-02,2025-12-02,E102,VND,1.0,Revised,48299000.0
Q000034,L000063,C0026,2025-11-04,2,2025-11-04,2025-12-04,E102,VND,1.0,Expired,12150000.0
Q000035,L000064,C0014,2025-11-01,1,2025-11-01,2025-12-01,E101,VND,1.0,Revised,18584000.0
Q000036,L000064,C0014,2025-11-07,2,2025-11-07,2025-11-22,E101,VND,1.0,Revised,7287000.0
Q000037,L000064,C0014,2025-11-13,3,2025-11-13,2025-12-28,E101,VND,1.0,Rejected,84428000.0
Q000038,L000079,C0029,2025-12-23,1,2025-12-23,2026-01-22,E101,VND,1.0,Accepted,16011000.0
Q000039,L000080,C0014,2025-12-23,1,2025-12-23,2026-01-22,E102,VND,1.0,Revised,23393000.0
Q000040,L000080,C0014,2025-12-29,2,2025-12-29,2026-01-28,E102,VND,1.0,Rejected,3175000.0
Q000041,L000087,C0102,2026-02-24,1,2026-02-24,2026-03-26,E101,VND,1.0,Revised,14298000.0
Q000042,L000087,C0102,2026-02-26,2,2026-02-26,2026-04-12,E101,VND,1.0,Rejected,10830000.0
Q000043,L000091,C0106,2026-03-09,1,2026-03-09,2026-03-24,E102,VND,1.0,Accepted,61050000.0
Q000044,L000096,C0176,2026-04-03,1,2026-04-03,2026-05-18,E101,USD,25449.6574,Accepted,28379000.0
Q000045,L000100,C0002,2026-04-16,1,2026-04-16,2026-05-16,E103,VND,1.0,Accepted,42813000.0
Q000046,L000102,C0044,2026-05-06,1,2026-05-06,2026-05-21,E103,VND,1.0,Accepted,51435000.0
Q000047,L000104,C0054,2026-05-13,1,2026-05-13,2026-06-12,E103,VND,1.0,Accepted,23770000.0
Q000048,L000106,C0043,2026-05-16,1,2026-05-16,2026-05-31,E101,VND,1.0,Expired,23381000.0
Q000049,L000109,C0103,2026-05-29,1,2026-05-29,2026-06-28,E102,VND,1.0,Accepted,58378000.0
Q000050,L000113,C0075,2026-06-05,1,2026-06-05,2026-06-20,E101,VND,1.0,Revised,6954000.0
Q000051,L000113,C0075,2026-06-09,2,2026-06-09,2026-07-24,E101,VND,1.0,Revised,27266000.0
Q000052,L000113,C0075,2026-06-13,3,2026-06-13,2026-07-28,E101,VND,1.0,Accepted,24431000.0
Q000053,L000114,C0171,2026-06-04,1,2026-06-04,2026-07-04,E102,USD,25575.6444,Accepted,16177000.0
Q000054,L000116,C0024,2026-06-11,1,2026-06-11,2026-07-11,E103,VND,1.0,Accepted,5478000.0
Q000055,L000118,C0031,2026-06-16,1,2026-06-16,2026-07-31,E103,USD,25514.318,Rejected,16513000.0
Q000056,L000120,C0076,2026-07-02,1,2026-07-02,2026-07-17,E103,VND,1.0,Revised,38693000.0
Q000057,L000120,C0076,2026-07-07,2,2026-07-07,2026-08-06,E103,VND,1.0,Rejected,13178000.0
Q000058,L000121,C0097,2025-03-30,1,2025-03-30,2025-04-29,E101,USD,25686.0219,Expired,57343000.0
Q000059,L000123,C0043,2025-04-22,1,2025-04-22,2025-05-07,E102,VND,1.0,Revised,34413000.0
Q000060,L000123,C0043,2025-04-27,2,2025-04-27,2025-05-12,E102,VND,1.0,Revised,36651000.0
Q000061,L000123,C0043,2025-04-28,3,2025-04-28,2025-05-13,E102,VND,1.0,Expired,14589000.0
Q000062,L000124,C0001,23/04/2025,1,2025-04-23,2025-06-07,E103,VND,1.0,Revised,9323000.0
Q000063,L000124,C0001,2025-04-25,2,2025-04-25,2025-05-25,E103,VND,1.0,Rejected,23005000.0
Q000064,L000126,C0054,2025-05-08,1,2025-05-08,2025-06-07,E101,VND,1.0,Expired,20403000.0
Q000065,L000128,C0022,2025-05-13,1,2025-05-13,2025-06-27,E103,VND,1.0,Revised,8750000.0
Q000066,L000128,C0022,2025-05-17,2,2025-05-17,2025-06-01,E103,VND,1.0,Rejected,5140000.0
Q000067,L000129,C0003,2025-05-18,1,2025-05-18,2025-06-17,E103,VND,1.0,Revised,3011000.0
Q000068,L000129,C0003,2025-05-21,2,2025-05-21,2025-06-05,E103,VND,1.0,Accepted,39612000.0
Q000069,L000130,C0043,2025-05-14,1,2025-05-14,2025-06-13,E103,VND,1.0,Revised,31542000.0
Q000070,L000130,C0043,2025-05-18,2,2025-05-18,2025-06-17,E103,VND,1.0,Expired,161269000.0
Q000071,L000131,C0026,2025-05-20,1,2025-05-20,2025-06-19,E101,VND,1.0,Revised,6823000.0
Q000072,L000131,C0026,2025-05-24,2,2025-05-24,2025-06-08,E101,VND,1.0,Accepted,8988000.0
Q000073,L000133,C0115,2025-05-28,1,2025-05-28,2025-06-27,E101,VND,1.0,Revised,20073000.0
Q000074,L000133,C0115,2025-06-01,2,2025-06-01,2025-07-01,E101,VND,1.0,Accepted,46842000.0
Q000075,L000134,C0011,2025-05-28,1,2025-05-28,2025-07-12,E103,VND,1.0,Revised,8059000.0
Q000076,L000134,C0011,2025-06-03,2,2025-06-03,2025-07-03,E103,USD,25591.9359,Expired,38723000.0
Q000077,L000136,C0002,2025-06-10,1,2025-06-10,2025-07-10,E101,VND,1.0,Revised,4752000.0
Q000078,L000136,C0002,2025-06-14,2,2025-06-14,2025-07-14,E101,VND,1.0,Accepted,43835000.0
Q000079,L000138,C0145,2025-06-16,1,2025-06-16,2025-07-16,E101,VND,1.0,Revised,3429000.0
Q000080,L000138,C0145,2025-06-19,2,2025-06-19,2025-07-04,E101,VND,1.0,Accepted,10481000.0
Q000081,L000140,C0001,2025-07-17,1,2025-07-17,2025-08-16,E101,VND,1.0,Expired,11356000.0
Q000082,L000143,C0004,2025-07-27,1,2025-07-27,2025-08-11,E101,VND,1.0,Rejected,20358000.0
Q000083,L000149,,2025-08-12,1,2025-08-12,2025-09-11,E102,VND,1.0,Rejected,6570000.0
Q000084,L000152,C0019,2025-08-15,1,2025-08-15,2025-09-29,E102,VND,1.0,Revised,16993000.0
Q000085,L000152,C0019,2025-08-19,2,2025-08-19,2025-09-18,E102,USD,25239.9171,Accepted,17807000.0
Q000086,L000154,C0081,2025-08-19,1,2025-08-19,2025-09-18,E102,VND,1.0,Revised,13560000.0
Q000087,L000154,C0081,2025-08-25,2,2025-08-25,2025-09-24,E102,VND,1.0,Expired,13095000.0
Q000088,L000156,C0020,2025-09-07,1,2025-09-07,2025-10-07,E102,VND,1.0,Revised,38787000.0
Q000089,L000156,C0020,2025-09-12,2,2025-09-12,2025-10-12,E102,VND,1.0,Rejected,74266000.0
Q000090,L000157,C0039,2025-09-20,1,2025-09-20,2025-10-05,E102,VND,1.0,Accepted,3722000.0
Q000091,L000158,C0050,2025-09-21,1,2025-09-21,2025-10-21,E103,USD,25073.5704,Accepted,20242000.0
Q000092,L000160,C0014,2025-10-03,1,2025-10-03,2025-11-02,E102,VND,1.0,Revised,2056000.0
Q000093,L000160,C0014,2025-10-05,2,2025-10-05,2025-10-20,E102,USD,24994.9598,Accepted,4623000.0
Q000094,L000163,C0051,2025-11-10,1,2025-11-10,2025-12-10,E103,VND,1.0,Rejected,29399000.0
Q000095,L000166,C0028,2025-11-14,1,2025-11-14,2025-11-29,E102,USD,25104.6237,Rejected,2710000.0
Q000096,L000169,C0172,2025-11-24,1,2025-11-24,2025-12-24,E101,VND,1.0,Accepted,35857000.0
Q000097,L000170,C0026,2025-12-03,1,2025-12-03,2026-01-02,E102,USD,25183.368,Revised,44258000.0
Q000098,L000170,C0026,2025-12-08,2,2025-12-08,2026-01-07,E102,VND,1.0,Accepted,9398000.0
Q000099,L000174,C0141,2025-12-29,1,2025-12-29,2026-01-28,E103,USD,25103.5378,Accepted,47974000.0
Q000100,L000176,C0009,2025-12-29,1,2025-12-29,2026-02-12,E102,USD,25103.5378,Expired,13433000.0
Q000101,L000179,C0042,04/01/2026,1,2026-01-04,2026-02-03,E101,VND,1.0,Revised,8224000.0
Q000102,L000179,C0042,2026-01-07,2,2026-01-07,2026-02-06,E101,VND,1.0,Expired,23754000.0
Q000103,L000181,C0054,2026-02-09,1,2026-02-09,2026-03-11,E101,USD,25446.992,Revised,23238000.0
Q000104,L000181,C0054,2026-02-15,2,2026-02-15,2026-03-17,E101,USD,25468.7566,Rejected,7755000.0
Q000105,L000182,C0002,2026-02-09,1,2026-02-09,2026-03-11,E102,VND,1.0,Rejected,8938000.0
Q000106,L000183,C0007,2026-02-14,1,2026-02-14,2026-03-16,E101,VND,1.0,Accepted,19206000.0
Q000107,L000184,C0024,2026-02-15,1,2026-02-15,2026-03-02,E102,VND,1.0,Rejected,10484000.0
Q000108,L000185,C0036,2026-02-22,1,2026-02-22,2026-03-24,E102,VND,1.0,Revised,93273000.0
Q000109,L000185,C0036,2026-02-26,2,2026-02-26,2026-03-28,E102,USD,25405.7934,Rejected,171580000.0
Q000110,L000191,C0040,2026-03-21,1,2026-03-21,2026-05-05,E102,VND,1.0,Accepted,279741000.0
Q000111,L000192,C0150,2026-03-25,1,2026-03-25,2026-04-24,E102,VND,1.0,Expired,30275000.0
Q000112,L000200,C0007,2026-04-13,1,2026-04-13,2026-05-13,E103,VND,1.0,Accepted,15091000.0
Q000113,L000201,C0053,2026-04-21,1,2026-04-21,2026-05-06,E101,VND,1.0,Revised,11821000.0
Q000114,L000201,C0053,2026-04-25,2,2026-04-25,2026-05-25,E101,USD,25462.8258,Accepted,44709000.0
Q000115,L000202,C0042,2026-04-27,1,2026-04-27,2026-05-27,E101,VND,1.0,Rejected,11178000.0
Q000116,L000203,C0123,2026-05-03,1,2026-05-03,2026-06-02,E103,VND,1.0,Accepted,3278000.0
Q000117,L000205,C0003,2026-05-01,1,2026-05-01,2026-05-31,E101,USD,25537.6326,Revised,10384000.0
Q000118,L000205,C0003,2026-05-06,2,2026-05-06,2026-06-05,E101,USD,25507.5691,Accepted,8268000.0
Q000119,L000206,C0045,2026-05-07,1,2026-05-07,2026-05-22,E103,VND,1.0,Revised,64391000.0
Q000120,L000206,C0045,2026-05-09,2,2026-05-09,2026-06-08,E103,USD,25563.5221,Rejected,16978000.0
Q000121,L000213,C0018,21/05/2026,1,2026-05-21,2026-06-20,E101,USD,25570.7925,Accepted,54622000.0
Q000122,L000215,C0002,2026-05-24,1,2026-05-24,2026-06-23,E103,VND,1.0,Revised,22757000.0
Q000123,L000215,C0002,2026-05-29,2,2026-05-29,2026-06-28,E103,VND,1.0,Accepted,28642000.0
Q000124,L000218,C0141,2026-06-04,1,2026-06-04,2026-07-04,E102,VND,1.0,Rejected,90692000.0
Q000125,L000222,C0006,2026-06-28,1,2026-06-28,2026-07-28,E101,VND,1.0,Rejected,666173000.0
Q000126,L000223,C0020,2026-06-27,1,2026-06-27,2026-07-27,E101,VND,1.0,Accepted,25985000.0
Q000127,L000224,C0001,2026-06-30,1,2026-06-30,2026-08-14,E103,VND,1.0,Rejected,96721000.0
Q000128,L000226,C0081,2026-07-10,1,2026-07-10,2026-07-25,E101,USD,25367.0776,Revised,19157000.0
Q000129,L000226,C0081,2026-07-16,2,2026-07-16,2026-08-15,E101,VND,1.0,Accepted,29965000.0
Q000130,L000228,C0010,2026-07-16,1,2026-07-16,2026-08-15,E103,VND,1.0,Expired,67440000.0
Q000131,L000229,C0116,2026-07-16,1,2026-07-16,2026-08-15,E103,VND,1.0,Accepted,5353000.0
Q000132,L000232,C0016,2026-07-24,1,2026-07-24,2026-08-23,E103,VND,1.0,Revised,13314000.0
Q000133,L000232,C0016,2026-07-27,2,2026-07-27,2026-08-26,E103,VND,1.0,Rejected,13608000.0
Q000134,L000236,C0010,2026-08-05,1,2026-08-05,2026-09-19,E103,VND,1.0,Rejected,45782000.0
Q000135,L000239,C0017,2026-08-15,1,2026-08-15,2026-09-14,E102,VND,1.0,Accepted,9553000.0
Q000136,L000240,,2026-08-13,1,2026-08-13,2026-09-12,E102,USD,25461.6865,Rejected,50202000.0
Q000137,L000247,C0007,2025-05-03,1,2025-05-03,2025-05-18,E102,USD,25517.6255,Revised,48135000.0
Q000138,L000247,C0007,2025-05-08,2,2025-05-08,2025-06-07,E102,USD,25547.7009,Accepted,12375000.0
Q000139,L000248,C0115,2025-05-14,1,2025-05-14,2025-06-13,E103,VND,1.0,Accepted,82169000.0
Q000140,L000254,C0009,2025-06-20,1,2025-06-20,2025-07-05,E103,VND,1.0,Accepted,27911000.0
Q000141,L000257,C0002,2025-07-06,1,2025-07-06,2025-07-21,E101,VND,1.0,Accepted,6531000.0
Q000142,L000260,C0060,2025-07-20,1,2025-07-20,2025-08-19,E102,VND,1.0,Revised,75211000.0
Q000143,L000260,C0060,2025-07-22,2,2025-07-22,2025-08-21,E102,VND,1.0,Accepted,31204000.0
Q000144,L000261,C0002,2025-07-28,1,2025-07-28,2025-08-27,E101,VND,1.0,Revised,24304000.0
Q000145,L000261,C0002,2025-07-30,2,2025-07-30,2025-08-29,E101,VND,1.0,Expired,10373000.0
Q000146,L000263,C0050,2025-08-08,1,2025-08-08,2025-09-07,E103,VND,1.0,Revised,22761000.0
Q000147,L000263,C0050,2025-08-11,2,2025-08-11,2025-09-10,E103,VND,1.0,Revised,16750000.0
Q000148,L000263,C0050,2025-08-16,3,2025-08-16,2025-09-15,E103,VND,1.0,Expired,8111000.0
Q000149,L000273,C0005,2025-08-27,1,2025-08-27,2025-09-26,E102,USD,25172.1238,Revised,5490000.0
Q000150,L000273,C0005,2025-08-31,2,2025-08-31,2025-09-30,E102,USD,25171.8228,Revised,5746000.0
Q000151,L000273,C0005,2025-09-06,3,2025-09-06,2025-09-21,E102,VND,1.0,Accepted,58761000.0
Q000152,L000281,C0003,2025-10-12,1,2025-10-12,2025-10-27,E103,USD,24996.5097,Accepted,20025000.0
Q000153,L000282,C0010,2025-10-12,1,2025-10-12,2025-11-11,E101,VND,1.0,Expired,11293000.0
Q000154,L000284,C0005,2025-10-24,1,2025-10-24,2025-11-23,E103,USD,25042.9661,Expired,5385000.0
Q000155,L000286,C0036,2025-11-12,1,2025-11-12,2025-12-12,E101,VND,1.0,Revised,5916000.0
Q000156,L000286,C0036,2025-11-16,2,2025-11-16,2025-12-16,E101,USD,25125.3085,Accepted,40151000.0
Q000157,L000293,C0074,2025-12-16,1,2025-12-16,2025-12-31,E101,VND,1.0,Accepted,15673000.0
Q000158,L000297,C0002,2026-01-03,1,2026-01-03,2026-02-02,E101,USD,25174.289,Expired,91712000.0
Q000159,L000298,C0001,2026-01-15,1,2026-01-15,2026-02-14,E103,USD,25225.9516,Expired,17121000.0
Q000160,L000299,C0035,2026-01-15,1,2026-01-15,2026-02-14,E102,VND,1.0,Expired,14476000.0
Q000161,L000300,C0095,2026-01-17,1,2026-01-17,2026-02-16,E102,VND,1.0,Accepted,63533000.0
Q000162,L000301,C0008,2026-01-24,1,2026-01-24,2026-02-23,E102,VND,1.0,Revised,8394000.0
Q000163,L000301,C0008,2026-01-29,2,2026-01-29,2026-02-28,E102,VND,1.0,Rejected,9461000.0
Q000164,L000302,C0024,2026-01-27,1,2026-01-27,2026-02-26,E101,VND,1.0,Revised,28782000.0
Q000165,L000302,C0024,2026-01-31,2,2026-01-31,2026-03-02,E101,VND,1.0,Expired,4462000.0
Q000166,L000303,C0007,2026-01-28,1,2026-01-28,2026-02-27,E102,USD,25358.3789,Revised,33776000.0
Q000167,L000303,C0007,2026-01-31,2,2026-01-31,2026-02-15,E102,VND,1.0,Rejected,32326000.0
Q000168,L000308,C0050,2026-03-19,1,2026-03-19,2026-04-18,E101,VND,1.0,Revised,27878000.0
Q000169,L000308,C0050,2026-03-25,2,2026-03-25,2026-04-24,E101,USD,25438.3751,Expired,36041000.0
Q000170,L000316,C0016,2026-04-08,1,2026-04-08,2026-04-23,E103,VND,1.0,Rejected,43438000.0
Q000171,L000317,C0129,2026-04-08,1,2026-04-08,2026-05-08,E102,VND,1.0,Revised,5305000.0
Q000172,L000317,C0129,2026-04-11,2,2026-04-11,2026-05-11,E102,USD,25472.4003,Revised,64849000.0
Q000173,L000317,C0129,2026-04-16,3,2026-04-16,2026-05-16,E102,VND,1.0,Expired,17405000.0
Q000174,L000329,C0180,2026-05-22,1,2026-05-22,2026-06-21,E102,VND,1.0,Revised,16664000.0
Q000175,L000329,C0180,2026-05-27,2,2026-05-27,2026-06-26,E102,VND,1.0,Revised,8779000.0
Q000176,L000329,C0180,2026-05-28,3,2026-05-28,2026-07-12,E102,VND,1.0,Rejected,20624000.0
Q000177,L000331,C0008,2026-05-29,1,2026-05-29,2026-07-13,E102,VND,1.0,Rejected,14630000.0
Q000178,L000333,C0004,2026-06-12,1,2026-06-12,2026-07-12,E103,VND,1.0,Rejected,52011000.0
Q000179,L000334,C0070,2026-06-14,1,2026-06-14,2026-06-29,E101,VND,1.0,Revised,12135000.0
Q000180,L000334,C0070,2026-06-20,2,2026-06-20,2026-07-20,E101,VND,1.0,Expired,10915000.0
Q000181,L000336,C0014,2026-06-20,1,2026-06-20,2026-07-05,E101,USD,25471.0503,Accepted,4214000.0
Q000182,L000337,C0013,2026-06-17,1,2026-06-17,2026-07-17,E102,VND,1.0,Accepted,28966000.0
Q000183,L000338,,2026-06-22,1,2026-06-22,2026-08-06,E102,VND,1.0,Accepted,27817000.0
Q000184,L000340,C0047,2026-06-27,1,2026-06-27,2026-07-27,E101,VND,1.0,Rejected,52796000.0
Q000185,L000346,C0009,2025-02-01,1,2025-02-01,2025-03-03,E101,VND,1.0,Accepted,5392000.0
Q000186,L000349,C0002,2025-02-26,1,2025-02-26,2025-04-12,E103,USD,25647.4832,Revised,38752000.0
Q000187,L000349,C0002,2025-03-04,2,2025-03-04,2025-04-03,E103,VND,1.0,Accepted,13908000.0
Q000188,L000351,C0001,2025-02-24,1,2025-02-24,2025-03-11,E101,VND,1.0,Expired,13156000.0
Q000189,L000352,C0002,2025-02-28,1,2025-02-28,2025-04-14,E103,VND,1.0,Accepted,25496000.0
Q000190,L000354,C0004,03-27-2025,1,2025-03-27,2025-04-26,E101,VND,1.0,Revised,41729000.0
Q000191,L000354,C0004,2025-04-01,2,2025-04-01,2025-05-01,E101,VND,1.0,Rejected,13630000.0
Q000192,L000359,C0008,2025-07-03,1,2025-07-03,2025-08-02,E103,VND,1.0,Accepted,137480000.0
Q000193,L000360,C0002,2025-07-23,1,2025-07-23,2025-08-22,E102,USD,25306.4403,Accepted,67518000.0
Q000194,L000363,C0001,2025-08-25,1,2025-08-25,2025-09-24,E101,VND,1.0,Revised,84906000.0
Q000195,L000363,C0001,2025-08-29,2,2025-08-29,2025-09-28,E101,VND,1.0,Accepted,37644000.0
Q000196,L000364,C0011,2025-08-27,1,2025-08-27,2025-09-26,E102,VND,1.0,Rejected,28588000.0
Q000197,L000365,C0001,2025-08-31,1,2025-08-31,2025-09-15,E101,VND,1.0,Accepted,240391000.0
Q000198,L000366,C0001,2025-09-14,1,2025-09-14,2025-10-14,E103,VND,1.0,Accepted,76263000.0
Q000199,L000367,C0006,2025-09-16,1,2025-09-16,2025-10-16,E102,VND,1.0,Rejected,1125000.0
Q000200,L000369,C0108,2025-09-26,1,2025-09-26,2025-10-26,E103,VND,1.0,Accepted,67946000.0
Q000201,L000374,C0010,2025-12-04,1,2025-12-04,2026-01-03,E101,VND,1.0,Revised,11917000.0
Q000202,L000374,C0010,2025-12-08,2,2025-12-08,2026-01-07,E101,VND,1.0,Expired,37560000.0
Q000203,L000379,C0054,2026-03-05,1,2026-03-05,2026-03-20,E103,VND,1.0,Revised,169513000.0
Q000204,L000379,C0054,2026-03-10,2,2026-03-10,2026-04-09,E103,USD,25457.8625,Revised,86652000.0
Q000205,L000379,C0054,2026-03-15,3,2026-03-15,2026-03-30,E103,VND,1.0,Accepted,107422000.0
Q000206,L000380,C0009,2026-03-05,1,2026-03-05,2026-04-04,E101,VND,1.0,Rejected,34727000.0
Q000207,L000381,C0062,2026-03-10,1,2026-03-10,2026-04-09,E103,VND,1.0,Rejected,34902000.0
Q000208,L000384,C0007,2026-03-23,1,2026-03-23,2026-04-22,E101,VND,1.0,Accepted,23275000.0
Q000209,L000385,C0084,2026-03-21,1,2026-03-21,2026-04-20,E102,VND,1.0,Rejected,18786000.0
Q000210,L000386,C0013,2026-04-10,1,2026-04-10,2026-05-10,E102,VND,1.0,Accepted,34194000.0
Q000211,L000387,C0107,2026-04-08,1,2026-04-08,2026-05-08,E102,VND,1.0,Expired,15421000.0
Q000212,L000398,C0007,2026-05-30,1,2026-05-30,2026-07-14,E101,VND,1.0,Rejected,8069000.0
Q000213,L000399,C0057,2026-06-07,1,2026-06-07,2026-07-07,E102,VND,1.0,Accepted,2325000.0
Q000214,L000401,,2026-06-26,1,2026-06-26,2026-07-11,E101,VND,1.0,Accepted,39058000.0
Q000215,L000402,C0007,2026-06-30,1,2026-06-30,2026-08-14,E103,VND,1.0,Rejected,11248000.0
Q000216,L000403,C0038,2026-07-11,1,2026-07-11,2026-08-25,E101,USD,25354.1132,Revised,20496000.0
Q000217,L000403,C0038,2026-07-17,2,2026-07-17,2026-08-16,E101,VND,1.0,Accepted,17977000.0
Q000218,L000404,C0010,2026-07-16,1,2026-07-16,2026-08-15,E103,USD,25361.8811,Revised,56820000.0
Q000219,L000404,C0010,2026-07-18,2,2026-07-18,2026-08-17,E103,USD,25353.5385,Revised,42313000.0
Q000220,L000404,C0010,2026-07-20,3,2026-07-20,2026-08-19,E103,USD,25397.2124,Expired,65471000.0
Q000221,L000409,C0056,2026-08-08,1,2026-08-08,2026-09-07,E103,VND,1.0,Revised,315393000.0
Q000222,L000409,C0056,2026-08-12,2,2026-08-12,2026-09-11,E103,VND,1.0,Accepted,154502000.0
Q000223,L000410,C0026,2026-08-13,1,2026-08-13,2026-08-28,E103,VND,1.0,Revised,5895000.0
Q000224,L000410,C0026,2026-08-18,2,2026-08-18,2026-09-17,E103,VND,1.0,Rejected,41057000.0
Q000225,L000413,C0003,2026-08-21,1,2026-08-21,2026-09-20,E101,USD,25455.7387,Rejected,25260000.0
Q000226,L000414,C0040,2026-09-02,1,2026-09-02,2026-09-17,E101,VND,1.0,Revised,38239000.0
Q000227,L000414,C0040,2026-09-08,2,2026-09-08,2026-10-08,E101,VND,1.0,Expired,25980000.0
Q000228,L000417,C0004,2025-04-02,1,2025-04-02,2025-05-02,E102,VND,1.0,Rejected,40121000.0
Q000229,L000423,C0066,2025-05-05,1,2025-05-05,2025-06-04,E101,VND,1.0,Revised,15368000.0
Q000230,L000423,C0066,2025-05-07,2,2025-05-07,2025-06-06,E101,VND,1.0,Accepted,17707000.0
Q000231,L000428,C0016,2025-06-01,1,2025-06-01,2025-07-01,E101,VND,1.0,Accepted,9532000.0
Q000232,L000430,C0026,2025-06-11,1,2025-06-11,2025-07-11,E103,VND,1.0,Accepted,30746000.0
Q000233,L000431,C0088,2025-06-18,1,2025-06-18,2025-07-18,E102,VND,1.0,Accepted,47906000.0
Q000234,L000434,C0036,2025-07-06,1,2025-07-06,2025-08-05,E101,VND,1.0,Revised,6618000.0
Q000235,L000434,C0036,07-10-2025,2,2025-07-10,2025-08-09,E101,USD,25308.3671,Rejected,52232000.0
Q000236,L000435,C0011,2025-07-24,1,2025-07-24,2025-08-23,E103,VND,1.0,Rejected,33201000.0
Q000237,L000438,C0113,28/09/2025,1,2025-09-28,2025-10-28,E101,USD,25028.0398,Expired,9752000.0
Q000238,L000441,C0002,2025-10-26,1,2025-10-26,2025-11-10,E101,USD,25115.8325,Accepted,4557000.0
Q000239,L000443,C0097,2025-11-03,1,2025-11-03,2025-11-18,E101,VND,1.0,Accepted,20830000.0
Q000240,L000448,C0002,2025-11-23,1,2025-11-23,2025-12-23,E101,VND,1.0,Accepted,91492000.0
Q000241,L000454,C0044,2025-12-16,1,2025-12-16,2025-12-31,E103,VND,1.0,Rejected,179384000.0
Q000242,L000455,C0007,2025-12-19,1,2025-12-19,2026-01-03,E102,VND,1.0,Accepted,6424000.0
Q000243,L000458,C0067,2026-01-05,1,2026-01-05,2026-01-20,E101,USD,25172.9667,Expired,35076000.0
Q000244,L000461,C0022,2026-01-24,1,2026-01-24,2026-02-23,E103,VND,1.0,Expired,6893000.0
Q000245,L000463,C0034,2026-02-01,1,2026-02-01,2026-03-03,E102,VND,1.0,Revised,4461000.0
Q000246,L000463,C0034,2026-02-05,2,2026-02-05,2026-03-07,E102,USD,25395.4825,Accepted,22195000.0
Q000247,L000472,,2025-03-13,1,2025-03-13,2025-04-12,E101,VND,1.0,Accepted,10877000.0
Q000248,L000473,C0171,2025-03-26,1,2025-03-26,2025-04-10,E103,USD,25714.6694,Accepted,21367000.0
Q000249,L000480,,2025-05-17,1,2025-05-17,2025-06-01,E101,VND,1.0,Expired,52608000.0
Q000250,L000481,C0002,2025-05-25,1,2025-05-25,2025-06-24,E103,USD,25568.1168,Revised,20208000.0
Q000251,L000481,C0002,2025-05-31,2,2025-05-31,2025-07-15,E103,VND,1.0,Rejected,47651000.0
Q000252,L000482,C0158,2025-07-03,1,2025-07-03,2025-08-02,E102,VND,1.0,Accepted,12289000.0
Q000253,L000487,C0005,2025-08-11,1,2025-08-11,2025-08-26,E102,VND,1.0,Revised,84218000.0
Q000254,L000487,C0005,2025-08-16,2,2025-08-16,2025-08-31,E102,VND,1.0,Accepted,26820000.0
Q000255,L000488,C0145,2025-08-17,1,2025-08-17,2025-09-16,E103,VND,1.0,Rejected,19039000.0
Q000256,L000490,C0016,2025-09-16,1,2025-09-16,2025-10-16,E103,VND,1.0,Expired,16838000.0
Q000257,L000491,C0033,2025-09-17,1,2025-09-17,2025-10-02,E103,USD,25040.42,Revised,9271000.0
Q000258,L000491,C0033,2025-09-22,2,2025-09-22,2025-10-22,E103,USD,25093.3448,Accepted,20987000.0
Q000259,L000492,C0005,2025-09-23,1,2025-09-23,2025-10-08,E103,VND,1.0,Rejected,11620000.0
Q000260,L000493,C0045,2025-10-08,1,2025-10-08,2025-11-07,E103,USD,24989.784,Revised,41718000.0
Q000261,L000493,C0045,2025-10-11,2,2025-10-11,2025-11-10,E103,VND,1.0,Accepted,11317000.0
Q000262,L000494,C0133,2025-10-17,1,2025-10-17,2025-11-16,E103,VND,1.0,Rejected,26440000.0
Q000263,L000495,C0031,2025-10-26,1,2025-10-26,2025-11-25,E103,VND,1.0,Revised,102245000.0
Q000264,L000495,C0031,2025-10-29,2,2025-10-29,2025-11-28,E103,USD,25130.4555,Accepted,30291000.0
Q000265,L000500,C0068,2025-12-04,1,2025-12-04,2026-01-03,E101,VND,1.0,Accepted,13390000.0
Q000266,L000501,C0127,2025-12-17,1,2025-12-17,2026-01-01,E102,VND,1.0,Revised,81844000.0
Q000267,L000501,C0127,2025-12-19,2,2025-12-19,2026-01-18,E102,VND,1.0,Accepted,30847000.0
Q000268,L000503,C0002,2025-12-15,1,2025-12-15,2026-01-14,E101,USD,25112.1677,Accepted,46730000.0
Q000269,L000504,C0111,2026-01-16,1,2026-01-16,2026-03-02,E102,VND,1.0,Revised,30587000.0
Q000270,L000504,C0111,2026-01-19,2,2026-01-19,2026-02-18,E102,VND,1.0,Rejected,34648000.0
Q000271,L000505,,2026-01-14,1,2026-01-14,2026-02-13,E103,VND,1.0,Revised,10559000.0
Q000272,L000505,,2026-01-19,2,2026-01-19,2026-02-18,E103,VND,1.0,Accepted,4654000.0
Q000273,L000506,C0100,2026-02-18,1,2026-02-18,2026-04-04,E101,USD,25457.8166,Revised,7911000.0
Q000274,L000506,C0100,2026-02-20,2,2026-02-20,2026-04-06,E101,VND,1.0,Accepted,10648000.0
Q000275,L000507,C0052,2026-03-01,1,2026-03-01,2026-03-31,E101,VND,1.0,Revised,6334000.0
Q000276,L000507,C0052,2026-03-07,2,2026-03-07,2026-04-06,E101,VND,1.0,Revised,23206000.0
Q000277,L000507,C0052,2026-03-07,3,2026-03-07,2026-04-06,E101,VND,1.0,Expired,11681000.0
Q000278,L000511,C0009,2026-05-02,1,2026-05-02,2026-06-01,E102,USD,25537.2219,Revised,37536000.0
Q000279,L000511,C0009,2026-05-06,2,2026-05-06,2026-06-05,E102,VND,1.0,Accepted,16198000.0
Q000280,L000513,C0088,2026-05-21,1,2026-05-21,2026-06-20,E101,VND,1.0,Accepted,26450000.0
Q000281,L000514,C0072,2026-05-19,1,2026-05-19,2026-06-18,E101,VND,1.0,Revised,68682000.0
Q000282,L000514,C0072,23/05/2026,2,2026-05-23,2026-07-07,E101,USD,25585.446,Rejected,113716000.0
Q000283,L000520,C0067,2026-06-09,1,2026-06-09,2026-07-09,E102,VND,1.0,Revised,12938000.0
Q000284,L000520,C0067,2026-06-12,2,2026-06-12,2026-07-27,E102,VND,1.0,Revised,47504000.0
Q000285,L000520,C0067,2026-06-21,3,2026-06-21,2026-07-21,E102,VND,1.0,Accepted,12731000.0
Q000286,L000521,C0062,2026-06-14,1,2026-06-14,2026-06-29,E103,VND,1.0,Revised,32034000.0
Q000287,L000521,C0062,2026-06-17,2,2026-06-17,2026-07-17,E103,VND,1.0,Revised,9226000.0
Q000288,L000521,C0062,2026-06-26,3,2026-06-26,2026-08-10,E103,VND,1.0,Expired,36581000.0
Q000289,L000523,C0008,2026-07-02,1,2026-07-02,2026-08-16,E101,VND,1.0,Revised,15716000.0
Q000290,L000523,C0008,2026-07-08,2,2026-07-08,2026-08-07,E101,VND,1.0,Revised,45019000.0
Q000291,L000523,C0008,2026-07-06,3,2026-07-06,2026-08-05,E101,USD,25406.5,Rejected,13529000.0
Q000292,L000526,C0084,2026-07-21,1,2026-07-21,2026-09-04,E102,USD,25375.5353,Rejected,31060000.0
Q000293,L000527,C0066,2026-07-19,1,2026-07-19,2026-08-18,E103,VND,1.0,Revised,26641000.0
Q000294,L000527,C0066,2026-07-21,2,2026-07-21,2026-08-20,E103,VND,1.0,Accepted,69811000.0
Q000295,L000528,C0034,2026-07-21,1,2026-07-21,2026-08-05,E101,VND,1.0,Revised,14673000.0
Q000296,L000528,C0034,2026-07-24,2,2026-07-24,2026-08-23,E101,USD,25364.3437,Accepted,19216000.0
Q000297,L000536,C0147,2026-08-13,1,2026-08-13,2026-08-28,E103,VND,1.0,Revised,81897000.0
Q000298,L000536,C0147,2026-08-17,2,2026-08-17,2026-09-16,E103,VND,1.0,Expired,8159000.0
Q000299,L000537,C0028,2026-08-26,1,2026-08-26,2026-09-25,E103,USD,25385.7678,Revised,23578000.0
Q000300,L000537,C0028,2026-08-29,2,2026-08-29,2026-09-28,E103,VND,1.0,Revised,9753000.0
Q000301,L000537,C0028,2026-08-30,3,2026-08-30,2026-09-29,E103,USD,25409.3029,Rejected,8937000.0
Q000302,L000539,C0011,2025-01-29,1,2025-01-29,2025-02-28,E101,USD,25558.1923,Revised,7096000.0
Q000303,L000539,C0011,2025-02-02,2,2025-02-02,2025-03-04,E101,USD,25599.9111,Revised,7898000.0
Q000304,L000539,C0011,2025-02-06,3,2025-02-06,2025-03-08,E101,VND,1.0,Rejected,13387000.0
Q000305,L000540,C0146,2025-02-02,1,2025-02-02,2025-03-04,E101,USD,25599.9111,Revised,51392000.0
Q000306,L000540,C0146,2025-02-07,2,2025-02-07,2025-03-09,E101,VND,1.0,Revised,24622000.0
Q000307,L000540,C0146,2025-02-06,3,2025-02-06,2025-03-08,E101,VND,1.0,Expired,5298000.0
Q000308,L000542,C0026,2025-03-07,1,2025-03-07,2025-03-22,E102,VND,1.0,Accepted,6605000.0
Q000309,L000543,C0003,2025-03-09,1,2025-03-09,2025-03-24,E102,VND,1.0,Accepted,14355000.0
Q000310,L000546,C0051,2025-04-20,1,2025-04-20,2025-05-20,E102,VND,1.0,Revised,16032000.0
Q000311,L000546,C0051,2025-04-25,2,2025-04-25,2025-05-25,E102,VND,1.0,Expired,42060000.0
Q000312,L000547,C0012,2025-04-19,1,2025-04-19,2025-05-19,E101,VND,1.0,Expired,40748000.0
Q000313,L000551,C0149,2025-05-30,1,2025-05-30,2025-07-14,E101,VND,1.0,Expired,42374000.0
Q000314,L000558,C0024,2025-09-14,1,2025-09-14,2025-10-14,E103,USD,24998.6255,Rejected,6167000.0
Q000315,L000560,C0058,2025-10-05,1,2025-10-05,2025-10-20,E103,VND,1.0,Revised,431268000.0
Q000316,L000560,C0058,2025-10-11,2,2025-10-11,2025-10-26,E103,VND,1.0,Expired,130163000.0
Q000317,L000562,C0097,2025-10-25,1,2025-10-25,2025-11-24,E103,VND,1.0,Accepted,10702000.0
Q000318,L000571,C0029,2025-12-26,1,2025-12-26,2026-01-25,E103,VND,1.0,Revised,4530000.0
Q000319,L000571,C0029,2026-01-01,2,2026-01-01,2026-01-31,E103,VND,1.0,Revised,4118000.0
Q000320,L000571,C0029,2026-01-05,3,2026-01-05,2026-02-04,E103,USD,25172.9667,Accepted,41657000.0
Q000321,L000572,C0062,2026-01-25,1,2026-01-25,2026-02-24,E101,USD,25303.118,Rejected,64764000.0
Q000322,L000575,C0009,2026-04-28,1,2026-04-28,2026-05-28,E101,VND,1.0,Revised,113431000.0
Q000323,L000575,C0009,2026-05-03,2,2026-05-03,2026-05-18,E101,VND,1.0,Accepted,17382000.0
Q000324,L000584,C0068,23/08/2026,1,2026-08-23,2026-09-22,E101,VND,1.0,Accepted,17389000.0
Q000325,L000587,C0001,2025-04-22,1,2025-04-22,2025-05-22,E101,USD,25539.9728,Revised,261390000.0
Q000326,L000587,C0001,2025-04-24,2,2025-04-24,2025-05-09,E101,VND,1.0,Expired,341409000.0
Q000327,L000590,C0007,2025-06-19,1,2025-06-19,2025-07-19,E103,VND,1.0,Revised,23049000.0
Q000328,L000590,C0007,2025-06-24,2,2025-06-24,2025-07-24,E103,VND,1.0,Revised,14320000.0
Q000329,L000590,C0007,2025-06-29,3,2025-06-29,2025-07-14,E103,VND,1.0,Accepted,28901000.0
Q000330,L000591,C0019,2025-08-08,1,2025-08-08,2025-09-07,E101,VND,1.0,Revised,29302000.0
Q000331,L000591,C0019,2025-08-14,2,2025-08-14,2025-09-28,E101,VND,1.0,Expired,325662000.0
Q000332,L000592,C0006,2025-08-20,1,2025-08-20,2025-10-04,E103,VND,1.0,Rejected,65698000.0
Q000333,L000596,C0002,2025-09-11,1,2025-09-11,2025-10-11,E101,VND,1.0,Rejected,2419000.0
Q000334,L000598,C0057,2025-09-21,1,2025-09-21,2025-10-21,E101,VND,1.0,Rejected,35686000.0
Q000335,L000600,C0032,2025-10-25,1,2025-10-25,2025-11-24,E101,VND,1.0,Expired,15895000.0
Q000336,L000601,C0061,2025-11-19,1,2025-11-19,2025-12-04,E102,VND,1.0,Expired,23343000.0
Q000337,L000609,C0003,2025-04-15,1,2025-04-15,2025-04-30,E101,VND,1.0,Revised,7635000.0
Q000338,L000609,C0003,2025-04-18,2,2025-04-18,2025-05-18,E101,USD,25604.8519,Rejected,24321000.0
Q000339,L000613,C0058,2025-05-10,1,2025-05-10,2025-06-09,E102,VND,1.0,Revised,33029000.0
Q000340,L000613,C0058,2025-05-13,2,2025-05-13,2025-05-28,E102,VND,1.0,Revised,32506000.0
Q000341,L000613,C0058,2025-05-14,3,2025-05-14,2025-05-29,E102,USD,25604.9583,Accepted,5413000.0
Q000342,L000618,C0001,2025-07-10,1,2025-07-10,2025-08-09,E101,USD,25308.3671,Revised,339086000.0
Q000343,L000618,C0001,2025-07-13,2,2025-07-13,2025-08-27,E101,VND,1.0,Revised,55079000.0
Q000344,L000618,C0001,2025-07-22,3,2025-07-22,2025-08-21,E101,VND,1.0,Accepted,241759000.0
Q000345,L000621,C0004,2025-08-30,1,2025-08-30,2025-09-14,E102,VND,1.0,Revised,7958000.0
Q000346,L000621,C0004,2025-09-04,2,2025-09-04,2025-10-19,E102,VND,1.0,Rejected,10918000.0
Q000347,L000625,C0163,2025-10-04,1,2025-10-04,2025-11-03,E102,USD,25006.189,Revised,22997000.0
Q000348,L000625,C0163,2025-10-09,2,2025-10-09,2025-10-24,E102,VND,1.0,Rejected,35508000.0
Q000349,L000631,C0006,2025-12-17,1,2025-12-17,2026-01-16,E101,VND,1.0,Rejected,16399000.0
Q000350,L000632,C0041,2026-01-03,1,2026-01-03,2026-02-02,E101,VND,1.0,Revised,11304000.0
Q000351,L000632,C0041,2026-01-05,2,2026-01-05,2026-02-04,E101,VND,1.0,Rejected,39457000.0
Q000352,L000634,,2026-01-18,1,2026-01-18,2026-02-17,E103,VND,1.0,Revised,3603000.0
Q000353,L000634,,2026-01-20,2,2026-01-20,2026-02-19,E103,USD,25289.938,Accepted,4134000.0
Q000354,L000636,C0061,2026-01-28,1,2026-01-28,2026-03-14,E101,VND,1.0,Revised,22224000.0
Q000355,L000636,C0061,2026-02-03,2,2026-02-03,2026-03-05,E101,VND,1.0,Expired,12197000.0
Q000356,L000638,C0119,2026-02-16,1,2026-02-16,2026-03-18,E101,VND,1.0,Revised,123430000.0
Q000357,L000638,C0119,2026-02-20,2,2026-02-20,2026-03-22,E101,VND,1.0,Revised,141775000.0
Q000358,L000638,C0119,2026-02-20,3,2026-02-20,2026-03-07,E101,VND,1.0,Rejected,34007000.0
Q000359,L000645,C0022,2026-06-28,1,2026-06-28,2026-08-12,E103,VND,1.0,Revised,21400000.0
Q000360,L000645,C0022,2026-07-02,2,2026-07-02,2026-08-01,E103,VND,1.0,Rejected,68260000.0
Q000361,L000647,C0009,2026-07-08,1,2026-07-08,2026-08-07,E102,VND,1.0,Rejected,44917000.0
Q000362,L000649,C0014,2026-08-16,1,2026-08-16,2026-09-15,E101,VND,1.0,Expired,4938000.0
Q000363,L000651,C0051,2025-01-20,1,2025-01-20,2025-02-04,E103,VND,1.0,Rejected,12347000.0
Q000364,L000656,C0169,2025-04-09,1,2025-04-09,2025-04-24,E103,VND,1.0,Revised,48626000.0
Q000365,L000656,C0169,2025-04-12,2,2025-04-12,2025-05-12,E103,VND,1.0,Expired,109240000.0
Q000366,L000659,C0074,2025-05-22,1,2025-05-22,2025-06-21,E101,USD,25640.4227,Rejected,11773000.0
Q000367,L000660,C0072,2025-05-24,1,2025-05-24,2025-07-08,E103,VND,1.0,Revised,10527000.0
Q000368,L000660,C0072,2025-05-30,2,2025-05-30,2025-07-14,E103,VND,1.0,Accepted,71174000.0
Q000369,L000665,C0006,2025-07-29,1,2025-07-29,2025-08-28,E102,VND,1.0,Revised,7736000.0
Q000370,L000665,C0006,2025-08-01,2,2025-08-01,2025-08-31,E102,VND,1.0,Revised,14430000.0
Q000371,L000665,C0006,2025-08-04,3,2025-08-04,2025-09-18,E102,VND,1.0,Accepted,13668000.0
Q000372,L000667,C9005,2025-08-01,1,2025-08-01,2025-08-31,E101,VND,1.0,Expired,35544000.0
Q000373,L000668,C0041,2025-08-12,1,2025-08-12,2025-08-27,E103,VND,1.0,Accepted,3833000.0
Q000374,L000669,C0001,2025-09-05,1,2025-09-05,2025-09-20,E102,VND,1.0,Accepted,32094000.0
Q000375,L000670,C0065,2025-09-18,1,2025-09-18,2025-10-18,E103,VND,1.0,Rejected,19763000.0
Q000376,L000671,C0003,2025-09-21,1,2025-09-21,2025-10-06,E102,VND,1.0,Revised,5985000.0
Q000377,L000671,C0003,2025-09-24,2,2025-09-24,2025-10-24,E102,USD,25085.8237,Revised,26638000.0
Q000378,L000671,C0003,2025-09-29,3,2025-09-29,2025-10-14,E102,VND,1.0,Accepted,3209000.0
Q000379,L000674,C0019,2025-11-21,1,2025-11-21,2025-12-06,E101,VND,1.0,Accepted,112839000.0
Q000380,L000679,C0001,2025-05-25,1,2025-05-25,2025-07-09,E102,VND,1.0,Revised,56773000.0
Q000381,L000679,C0001,2025-05-29,2,2025-05-29,2025-06-28,E102,VND,1.0,Revised,18056000.0
Q000382,L000679,C0001,2025-06-02,3,2025-06-02,2025-07-02,E102,VND,1.0,Accepted,24348000.0
Q000383,L000680,C0016,2025-06-13,1,2025-06-13,2025-07-13,E101,VND,1.0,Expired,15849000.0
Q000384,L000684,C0122,2025-08-03,1,2025-08-03,2025-08-18,E101,VND,1.0,Revised,12013000.0
Q000385,L000684,C0122,2025-08-05,2,2025-08-05,2025-09-04,E101,USD,25272.9041,Accepted,89603000.0
Q000386,L000686,C0030,2025-09-10,1,2025-09-10,2025-09-25,E101,USD,25067.4615,Revised,24751000.0
Q000387,L000686,C0030,2025-09-14,2,2025-09-14,2025-09-29,E101,VND,1.0,Expired,183527000.0
Q000388,L000687,C0043,2025-09-24,1,2025-09-24,2025-10-24,E103,USD,25085.8237,Accepted,18870000.0
Q000389,L000689,C0115,2025-10-19,1,2025-10-19,2025-11-03,E102,VND,1.0,Revised,68259000.0
Q000390,L000689,C0115,2025-10-24,2,2025-10-24,2025-11-08,E102,USD,25042.9661,Revised,19824000.0
Q000391,L000689,C0115,2025-10-23,3,2025-10-23,2025-11-22,E102,VND,1.0,Rejected,18571000.0
Q000392,L000693,C0148,2025-11-08,1,2025-11-08,2025-12-08,E101,VND,1.0,Accepted,22265000.0
Q000393,L000696,C0007,2025-11-11,1,2025-11-11,2025-11-26,E103,VND,1.0,Expired,22557000.0
Q000394,L000697,C0138,2025-11-21,1,2025-11-21,2025-12-21,E101,VND,1.0,Expired,8619000.0
Q000395,L000701,C0002,2026-01-25,1,2026-01-25,2026-02-24,E102,VND,1.0,Revised,30813000.0
Q000396,L000701,C0002,2026-01-28,2,2026-01-28,2026-02-27,E102,VND,1.0,Expired,14250000.0
Q000397,L000703,C0005,2026-02-07,1,2026-02-07,2026-02-22,E103,USD,25425.3109,Revised,30438000.0
Q000398,L000703,C0005,2026-02-09,2,2026-02-09,2026-03-11,E103,USD,25446.992,Accepted,29897000.0
Q000399,L000707,C0174,15/03/2026,1,2026-03-15,2026-04-14,E101,VND,1.0,Expired,185379000.0
Q000400,L000708,C0023,2026-03-21,1,2026-03-21,2026-04-20,E102,USD,25441.5201,Revised,17017000.0
Q000401,L000708,C0023,2026-03-24,2,2026-03-24,2026-04-23,E102,VND,1.0,Accepted,3238000.0
Q000402,L000709,C0162,2026-04-07,1,2026-04-07,2026-05-07,E101,VND,1.0,Rejected,7145000.0
Q000403,L000710,C0041,2026-04-25,1,2026-04-25,2026-05-25,E102,VND,1.0,Expired,33180000.0
Q000404,L000711,C0015,2026-04-28,1,2026-04-28,2026-05-28,E102,VND,1.0,Revised,3819000.0
Q000405,L000711,C0015,2026-04-30,2,2026-04-30,2026-05-30,E102,VND,1.0,Expired,24147000.0
Q000406,L000714,C0003,2026-05-30,1,2026-05-30,2026-06-29,E101,VND,1.0,Expired,19523000.0
Q000407,L000718,C0066,2025-02-02,1,2025-02-02,2025-02-17,E102,VND,1.0,Rejected,43550000.0
Q000408,L000720,C0129,2025-02-06,1,2025-02-06,2025-03-08,E101,USD,25533.6853,Expired,11794000.0
Q000409,L000721,C0001,2025-03-04,1,2025-03-04,2025-04-03,E102,VND,1.0,Expired,17101000.0
Q000410,L000723,C0028,2025-03-26,1,2025-03-26,2025-04-10,E102,VND,1.0,Accepted,27094000.0
Q000411,L000724,C0011,2025-05-22,1,2025-05-22,2025-06-21,E102,VND,1.0,Accepted,17636000.0
Q000412,L000728,C0032,2025-07-23,1,2025-07-23,2025-08-22,E103,VND,1.0,Accepted,5396000.0
Q000413,L000732,C0138,2025-11-17,1,2025-11-17,2025-12-17,E103,VND,1.0,Accepted,19549000.0
Q000414,L000733,C0110,2025-12-02,1,2025-12-02,2025-12-17,E101,VND,1.0,Revised,81235000.0
Q000415,L000733,C0110,2025-12-05,2,2025-12-05,2026-01-04,E101,USD,25116.1143,Expired,45517000.0
Q000416,L000734,C0103,2026-01-15,1,2026-01-15,2026-01-30,E103,VND,1.0,Revised,16856000.0
Q000417,L000734,C0103,2026-01-20,2,2026-01-20,2026-02-19,E103,VND,1.0,Accepted,26515000.0
Q000418,L000735,C0042,2026-03-05,1,2026-03-05,2026-04-19,E101,USD,25390.4401,Accepted,4597000.0
Q000419,L000736,C0004,2026-03-07,1,2026-03-07,2026-04-21,E101,USD,25399.4584,Expired,19608000.0
Q000420,L000740,C0010,2026-04-21,1,2026-04-21,2026-05-21,E102,VND,1.0,Expired,244002000.0
Q000421,L000741,C0001,2026-04-26,1,2026-04-26,2026-05-26,E101,VND,1.0,Expired,27729000.0
Q000422,L000743,,2026-06-16,1,2026-06-16,2026-07-01,E101,VND,1.0,Revised,17954000.0
Q000423,L000743,,2026-06-22,2,2026-06-22,2026-07-22,E101,VND,1.0,Revised,6512000.0
Q000424,L000743,,2026-06-20,3,2026-06-20,2026-07-05,E101,VND,1.0,Accepted,15290000.0
Q000425,L000746,C0051,2025-08-22,1,2025-08-22,2025-09-21,E102,VND,1.0,Accepted,14167000.0
Q000426,L000748,C0009,2025-11-15,1,2025-11-15,2025-11-30,E102,VND,1.0,Accepted,102268000.0
Q000427,L000750,C0130,2026-01-01,1,2026-01-01,2026-01-31,E101,VND,1.0,Accepted,66173000.0
Q000428,L000755,C0002,2026-03-29,1,2026-03-29,2026-04-13,E102,VND,1.0,Revised,45928000.0
Q000429,L000755,C0002,2026-04-01,2,2026-04-01,2026-05-01,E102,VND,1.0,Rejected,16878000.0
Q000430,L000756,C0042,2026-04-03,1,2026-04-03,2026-05-03,E101,USD,25449.6574,Rejected,41046000.0
Q000431,L000759,,2026-07-21,1,2026-07-21,2026-08-05,E102,USD,25375.5353,Revised,26485000.0
Q000432,L000759,,2026-07-26,2,2026-07-26,2026-08-25,E102,USD,25330.9315,Accepted,24616000.0
Q000433,L000762,C0019,2026-08-20,1,2026-08-20,2026-09-19,E101,VND,1.0,Expired,4302000.0
Q000434,L000763,C0015,2026-08-25,1,2026-08-25,2026-09-24,E102,VND,1.0,Revised,18309000.0
Q000435,L000763,C0015,2026-08-29,2,2026-08-29,2026-09-28,E102,VND,1.0,Rejected,4228000.0
Q000436,L000765,C0014,2026-08-30,1,2026-08-30,2026-09-29,E101,VND,1.0,Revised,36656000.0
Q000437,L000765,C0014,2026-09-03,2,2026-09-03,2026-10-03,E101,VND,1.0,Rejected,26337000.0
Q000438,L000769,C0046,2025-03-15,1,2025-03-15,2025-03-30,E101,VND,1.0,Revised,34840000.0
Q000439,L000769,C0046,2025-03-18,2,2025-03-18,2025-04-17,E101,VND,1.0,Accepted,29732000.0
Q000440,L000772,C0004,2025-04-18,1,2025-04-18,2025-05-18,E101,USD,25604.8519,Revised,17980000.0
Q000441,L000772,C0004,2025-04-23,2,2025-04-23,2025-05-23,E101,VND,1.0,Rejected,19312000.0
Q000442,L000773,C0048,2025-05-09,1,2025-05-09,2025-06-08,E101,VND,1.0,Revised,63811000.0
Q000443,L000773,C0048,2025-05-15,2,2025-05-15,2025-06-14,E101,VND,1.0,Revised,60617000.0
Q000444,L000773,C0048,2025-05-19,3,2025-05-19,2025-06-18,E101,VND,1.0,Rejected,42274000.0
Q000445,L000774,C0045,2025-05-18,1,2025-05-18,2025-06-02,E102,VND,1.0,Expired,14222000.0
Q000446,L000775,C0059,2025-06-02,1,2025-06-02,2025-07-02,E101,VND,1.0,Revised,29546000.0
Q000447,L000775,C0059,2025-06-08,2,2025-06-08,2025-06-23,E101,USD,25557.9507,Expired,17152000.0
Q000448,L000776,C0005,2025-06-10,1,2025-06-10,2025-07-10,E101,VND,1.0,Accepted,9733000.0
Q000449,L000778,C0127,2025-08-05,1,2025-08-05,2025-09-04,E102,USD,25272.9041,Expired,34624000.0
Q000450,L000783,C0015,2025-09-20,1,2025-09-20,2025-11-04,E103,USD,25052.6315,Accepted,8605000.0
Q000451,L000784,C0126,2025-09-26,1,2025-09-26,2025-10-26,E101,VND,1.0,Expired,2656000.0
Q000452,L000787,C0073,2025-10-15,1,2025-10-15,2025-11-14,E101,VND,1.0,Expired,10536000.0
Q000453,L000788,C0002,2025-11-02,1,2025-11-02,2025-11-17,E103,VND,1.0,Revised,52323000.0
Q000454,L000788,C0002,2025-11-04,2,2025-11-04,2025-12-04,E103,VND,1.0,Expired,52707000.0
Q000455,L000789,C0010,2025-11-16,1,2025-11-16,2025-12-31,E103,VND,1.0,Accepted,53912000.0
Q000456,L000792,C0018,2025-12-09,1,2025-12-09,2026-01-08,E101,VND,1.0,Accepted,9421000.0
Q000457,L000793,C0085,2025-12-20,1,2025-12-20,2026-01-19,E101,USD,25110.6752,Expired,24191000.0
Q000458,L000794,C0048,2025-12-30,1,2025-12-30,2026-01-14,E103,VND,1.0,Rejected,22341000.0
Q000459,L000796,C0001,2026-02-03,1,2026-02-03,2026-03-05,E103,VND,1.0,Accepted,30137000.0
Q000460,L000797,C0134,2026-02-11,1,2026-02-11,2026-03-28,E103,VND,1.0,Revised,39294000.0
Q000461,L000797,C0134,2026-02-16,2,2026-02-16,2026-03-03,E103,VND,1.0,Revised,12979000.0
Q000462,L000797,C0134,2026-02-15,3,2026-02-15,2026-03-02,E103,VND,1.0,Accepted,71000000.0
Q000463,L000801,C0001,2026-03-17,1,2026-03-17,2026-04-01,E102,VND,1.0,Revised,40769000.0
Q000464,L000801,C0001,2026-03-19,2,2026-03-19,2026-04-18,E102,USD,25460.6416,Accepted,26069000.0
Q000465,L000805,C0102,2026-05-17,1,2026-05-17,2026-06-16,E103,VND,1.0,Revised,8466000.0
Q000466,L000805,C0102,2026-05-20,2,2026-05-20,2026-06-19,E103,USD,25550.6628,Revised,18802000.0
Q000467,L000805,C0102,2026-05-21,3,2026-05-21,2026-07-05,E103,VND,1.0,Expired,27974000.0
Q000468,L000806,C0124,2026-07-13,1,2026-07-13,2026-08-12,E101,VND,1.0,Expired,37969000.0
Q000469,L000807,C0083,2026-07-21,1,2026-07-21,2026-08-20,E101,VND,1.0,Expired,24674000.0
Q000470,L000809,C0027,2026-08-03,1,2026-08-03,2026-09-02,E101,VND,1.0,Revised,9890000.0
Q000471,L000809,C0027,2026-08-06,2,2026-08-06,2026-08-21,E101,VND,1.0,Rejected,4410000.0
Q000472,L000812,C9005,2025-05-31,1,2025-05-31,2025-06-30,E101,VND,1.0,Revised,44978000.0
Q000473,L000812,C9005,2025-06-05,2,2025-06-05,2025-06-20,E101,USD,25573.1972,Accepted,50398000.0
Q000474,L000824,C0152,2025-09-26,1,2025-09-26,2025-10-26,E103,VND,1.0,Accepted,46659000.0
Q000475,L000825,C0001,2025-09-26,1,2025-09-26,2025-10-26,E101,USD,25060.3187,Expired,16262000.0
Q000476,L000826,C0025,2025-10-06,1,2025-10-06,2025-11-05,E103,VND,1.0,Rejected,15925000.0
Q000477,L000833,C0035,2025-12-02,1,2025-12-02,2026-01-01,E102,VND,1.0,Revised,61084000.0
Q000478,L000833,C0035,2025-12-05,2,2025-12-05,2026-01-04,E102,VND,1.0,Rejected,224661000.0
Q000479,L000838,C0038,2026-04-18,1,2026-04-18,2026-05-18,E103,VND,1.0,Rejected,69239000.0
Q000480,L000841,C0003,2026-07-13,1,2026-07-13,2026-08-12,E103,VND,1.0,Revised,7362000.0
Q000481,L000841,C0003,2026-07-19,2,2026-07-19,2026-08-18,E103,VND,1.0,Expired,42227000.0
Q000482,L000842,C0018,2026-07-20,1,2026-07-20,2026-08-04,E102,VND,1.0,Revised,129603000.0
Q000483,L000842,C0018,2026-07-26,2,2026-07-26,2026-09-09,E102,VND,1.0,Accepted,256588000.0
Q000484,L000843,C0007,2026-08-06,1,2026-08-06,2026-09-05,E102,VND,1.0,Revised,16152000.0
Q000485,L000843,C0007,2026-08-09,2,2026-08-09,2026-09-08,E102,VND,1.0,Accepted,17886000.0
Q000486,L000844,C0019,2026-08-20,1,2026-08-20,2026-09-19,E101,USD,25458.861,Revised,75740000.0
Q000487,L000844,C0019,2026-08-23,2,2026-08-23,2026-09-22,E101,VND,1.0,Expired,28424000.0
Q000488,L000845,C0018,2026-08-28,1,2026-08-28,2026-09-27,E102,VND,1.0,Expired,30875000.0
